modulation,source_snr_db,jammer_type,jsr_db,num_samples,detection_rate,mean_jam_probability
128APSK,-20.0,barrage,-10.0,9,0.0,0.05709034908148977
128APSK,-20.0,barrage,-5.0,9,0.0,0.24827342397636837
128APSK,-20.0,barrage,0.0,9,1.0,0.98878988954756
128APSK,-20.0,barrage,5.0,9,1.0,0.9999959866205851
128APSK,-20.0,barrage,10.0,9,1.0,0.9999998807907104
128APSK,-20.0,chirp,-10.0,9,0.0,0.058619172829720706
128APSK,-20.0,chirp,-5.0,9,0.4444444444444444,0.44006645679473877
128APSK,-20.0,chirp,0.0,9,1.0,0.9802743395169576
128APSK,-20.0,chirp,5.0,9,1.0,0.9999780919816759
128APSK,-20.0,chirp,10.0,9,1.0,0.9999993244806925
128APSK,-20.0,tone,-10.0,9,0.0,0.0747750544299682
128APSK,-20.0,tone,-5.0,9,0.1111111111111111,0.3421388790011406
128APSK,-20.0,tone,0.0,9,1.0,0.986337251133389
128APSK,-20.0,tone,5.0,9,1.0,0.9999631577067905
128APSK,-20.0,tone,10.0,9,1.0,0.9999786880281236
128APSK,-10.0,barrage,-10.0,10,0.0,0.06645459197461605
128APSK,-10.0,barrage,-5.0,10,0.0,0.29579840004444125
128APSK,-10.0,barrage,0.0,10,1.0,0.9916406750679017
128APSK,-10.0,barrage,5.0,10,1.0,0.9999968528747558
128APSK,-10.0,barrage,10.0,10,1.0,0.9999999165534973
128APSK,-10.0,chirp,-10.0,10,0.0,0.07223098948597909
128APSK,-10.0,chirp,-5.0,10,0.2,0.3375436380505562
128APSK,-10.0,chirp,0.0,10,1.0,0.9806890547275543
128APSK,-10.0,chirp,5.0,10,1.0,0.9999304234981536
128APSK,-10.0,chirp,10.0,10,1.0,0.9999984383583069
128APSK,-10.0,tone,-10.0,10,0.0,0.07483885698020458
128APSK,-10.0,tone,-5.0,10,0.2,0.3512960150837898
128APSK,-10.0,tone,0.0,10,1.0,0.9872193932533264
128APSK,-10.0,tone,5.0,10,1.0,0.9999658048152924
128APSK,-10.0,tone,10.0,10,1.0,0.9999782025814057
128APSK,0.0,barrage,-10.0,10,0.0,0.12629460915923119
128APSK,0.0,barrage,-5.0,10,0.6,0.5185992479324341
128APSK,0.0,barrage,0.0,10,1.0,0.9957013249397277
128APSK,0.0,barrage,5.0,10,1.0,0.9999981999397278
128APSK,0.0,barrage,10.0,10,1.0,0.9999999403953552
128APSK,0.0,chirp,-10.0,10,0.0,0.1347525268793106
128APSK,0.0,chirp,-5.0,10,0.8,0.5806843802332878
128APSK,0.0,chirp,0.0,10,1.0,0.9978614151477814
128APSK,0.0,chirp,5.0,10,1.0,0.9998090147972107
128APSK,0.0,chirp,10.0,10,1.0,0.9999998092651368
128APSK,0.0,tone,-10.0,10,0.0,0.1378801569342613
128APSK,0.0,tone,-5.0,10,0.8,0.6669016212224961
128APSK,0.0,tone,0.0,10,1.0,0.9951418340206146
128APSK,0.0,tone,5.0,10,1.0,0.9999966025352478
128APSK,0.0,tone,10.0,10,1.0,0.9999995231628418
128APSK,10.0,barrage,-10.0,10,0.0,0.09174172095954418
128APSK,10.0,barrage,-5.0,10,0.9,0.6139512985944748
128APSK,10.0,barrage,0.0,10,1.0,0.9969370067119598
128APSK,10.0,barrage,5.0,10,1.0,0.9999986529350281
128APSK,10.0,barrage,10.0,10,1.0,0.9999999880790711
128APSK,10.0,chirp,-10.0,10,0.0,0.09801910147070884
128APSK,10.0,chirp,-5.0,10,0.8,0.7077744901180267
128APSK,10.0,chirp,0.0,10,1.0,0.9990071296691895
128APSK,10.0,chirp,5.0,10,1.0,0.9999971985816956
128APSK,10.0,chirp,10.0,10,1.0,0.999999487400055
128APSK,10.0,tone,-10.0,10,0.0,0.12031544763594866
128APSK,10.0,tone,-5.0,10,0.8,0.6739526998251677
128APSK,10.0,tone,0.0,10,1.0,0.9995477199554443
128APSK,10.0,tone,5.0,10,1.0,0.9999942183494568
128APSK,10.0,tone,10.0,10,1.0,0.9999975562095642
128APSK,20.0,barrage,-10.0,9,0.0,0.10448394136296378
128APSK,20.0,barrage,-5.0,9,0.8888888888888888,0.6138545009824965
128APSK,20.0,barrage,0.0,9,1.0,0.9979062543974982
128APSK,20.0,barrage,5.0,9,1.0,0.9999989403618706
128APSK,20.0,barrage,10.0,9,1.0,1.0
128APSK,20.0,chirp,-10.0,9,0.0,0.13836542558338907
128APSK,20.0,chirp,-5.0,9,0.8888888888888888,0.7257916728655497
128APSK,20.0,chirp,0.0,9,1.0,0.99889960553911
128APSK,20.0,chirp,5.0,9,1.0,0.9999970330132378
128APSK,20.0,chirp,10.0,9,1.0,0.9999998410542806
128APSK,20.0,tone,-10.0,9,0.0,0.13930563545889324
128APSK,20.0,tone,-5.0,9,0.7777777777777778,0.6527743136717213
128APSK,20.0,tone,0.0,9,1.0,0.9980564581023322
128APSK,20.0,tone,5.0,9,1.0,0.999993191825019
128APSK,20.0,tone,10.0,9,1.0,0.9999843968285455
128APSK,30.0,barrage,-10.0,10,0.0,0.06211130023002624
128APSK,30.0,barrage,-5.0,10,0.3,0.4533125013113022
128APSK,30.0,barrage,0.0,10,1.0,0.994301837682724
128APSK,30.0,barrage,5.0,10,1.0,0.9999982595443726
128APSK,30.0,barrage,10.0,10,1.0,0.9999999761581421
128APSK,30.0,chirp,-10.0,10,0.0,0.06510893888771534
128APSK,30.0,chirp,-5.0,10,0.6,0.6173928409814835
128APSK,30.0,chirp,0.0,10,1.0,0.9956490099430084
128APSK,30.0,chirp,5.0,10,1.0,0.9999923229217529
128APSK,30.0,chirp,10.0,10,1.0,0.9999991297721863
128APSK,30.0,tone,-10.0,10,0.0,0.09129070844501257
128APSK,30.0,tone,-5.0,10,0.9,0.6729319751262665
128APSK,30.0,tone,0.0,10,1.0,0.973082572221756
128APSK,30.0,tone,5.0,10,1.0,0.9999837279319763
128APSK,30.0,tone,10.0,10,1.0,0.9999995112419129
128QAM,-20.0,barrage,-10.0,10,0.0,0.059412449970841406
128QAM,-20.0,barrage,-5.0,10,0.0,0.2969015672802925
128QAM,-20.0,barrage,0.0,10,1.0,0.9876755237579345
128QAM,-20.0,barrage,5.0,10,1.0,0.9999970316886901
128QAM,-20.0,barrage,10.0,10,1.0,0.9999999046325684
128QAM,-20.0,chirp,-10.0,10,0.0,0.06516653075814247
128QAM,-20.0,chirp,-5.0,10,0.1,0.30172409415245055
128QAM,-20.0,chirp,0.0,10,1.0,0.9974946498870849
128QAM,-20.0,chirp,5.0,10,1.0,0.9999914169311523
128QAM,-20.0,chirp,10.0,10,1.0,0.9999989628791809
128QAM,-20.0,tone,-10.0,10,0.0,0.06390156298875808
128QAM,-20.0,tone,-5.0,10,0.1,0.33308815211057663
128QAM,-20.0,tone,0.0,10,1.0,0.9858888328075409
128QAM,-20.0,tone,5.0,10,1.0,0.9999892234802246
128QAM,-20.0,tone,10.0,10,1.0,0.9999809741973877
128QAM,-10.0,barrage,-10.0,9,0.0,0.0625175680551264
128QAM,-10.0,barrage,-5.0,9,0.0,0.28360528581672245
128QAM,-10.0,barrage,0.0,9,1.0,0.98708485894733
128QAM,-10.0,barrage,5.0,9,1.0,0.9999961720572578
128QAM,-10.0,barrage,10.0,9,1.0,0.999999894036187
128QAM,-10.0,chirp,-10.0,9,0.0,0.06582923026548491
128QAM,-10.0,chirp,-5.0,9,0.4444444444444444,0.4760303265518612
128QAM,-10.0,chirp,0.0,9,1.0,0.9967929853333367
128QAM,-10.0,chirp,5.0,9,1.0,0.9999608132574294
128QAM,-10.0,chirp,10.0,9,1.0,0.999999827808804
128QAM,-10.0,tone,-10.0,9,0.0,0.05580784173475371
128QAM,-10.0,tone,-5.0,9,0.1111111111111111,0.30981579588519204
128QAM,-10.0,tone,0.0,9,1.0,0.9890053802066379
128QAM,-10.0,tone,5.0,9,1.0,0.9999768469068739
128QAM,-10.0,tone,10.0,9,1.0,0.9999986489613851
128QAM,0.0,barrage,-10.0,10,0.0,0.11126095503568649
128QAM,0.0,barrage,-5.0,10,0.6,0.496274995803833
128QAM,0.0,barrage,0.0,10,1.0,0.994967770576477
128QAM,0.0,barrage,5.0,10,1.0,0.9999978423118592
128QAM,0.0,barrage,10.0,10,1.0,0.9999999523162841
128QAM,0.0,chirp,-10.0,10,0.0,0.12374463751912117
128QAM,0.0,chirp,-5.0,10,0.9,0.661307868361473
128QAM,0.0,chirp,0.0,10,1.0,0.9979592740535737
128QAM,0.0,chirp,5.0,10,1.0,0.9999949216842652
128QAM,0.0,chirp,10.0,10,1.0,0.9999995827674866
128QAM,0.0,tone,-10.0,10,0.0,0.1488215684890747
128QAM,0.0,tone,-5.0,10,0.8,0.6193292707204818
128QAM,0.0,tone,0.0,10,1.0,0.9868154168128968
128QAM,0.0,tone,5.0,10,1.0,0.9999971747398376
128QAM,0.0,tone,10.0,10,1.0,0.9999995589256286
128QAM,10.0,barrage,-10.0,10,0.0,0.07263102624565362
128QAM,10.0,barrage,-5.0,10,0.6,0.49120747298002243
128QAM,10.0,barrage,0.0,10,1.0,0.9946274638175965
128QAM,10.0,barrage,5.0,10,1.0,0.9999982237815856
128QAM,10.0,barrage,10.0,10,1.0,0.9999999761581421
128QAM,10.0,chirp,-10.0,10,0.0,0.07233143337070942
128QAM,10.0,chirp,-5.0,10,0.7,0.5913873016834259
128QAM,10.0,chirp,0.0,10,1.0,0.9983684599399567
128QAM,10.0,chirp,5.0,10,1.0,0.9999992370605468
128QAM,10.0,chirp,10.0,10,1.0,0.9999994516372681
128QAM,10.0,tone,-10.0,10,0.0,0.12352801114320755
128QAM,10.0,tone,-5.0,10,0.8,0.6717140451073647
128QAM,10.0,tone,0.0,10,1.0,0.996762889623642
128QAM,10.0,tone,5.0,10,1.0,0.9999978899955749
128QAM,10.0,tone,10.0,10,1.0,0.9999972343444824
128QAM,20.0,barrage,-10.0,10,0.0,0.07237347438931466
128QAM,20.0,barrage,-5.0,10,0.7,0.5595371067523957
128QAM,20.0,barrage,0.0,10,1.0,0.997122585773468
128QAM,20.0,barrage,5.0,10,1.0,0.9999986529350281
128QAM,20.0,barrage,10.0,10,1.0,0.9999999880790711
128QAM,20.0,chirp,-10.0,10,0.0,0.11471334248781204
128QAM,20.0,chirp,-5.0,10,0.7,0.6439335018396377
128QAM,20.0,chirp,0.0,10,1.0,0.9887957334518432
128QAM,20.0,chirp,5.0,10,1.0,0.9999962449073792
128QAM,20.0,chirp,10.0,10,1.0,0.9999997854232788
128QAM,20.0,tone,-10.0,10,0.0,0.1254895068705082
128QAM,20.0,tone,-5.0,10,1.0,0.7465714633464813
128QAM,20.0,tone,0.0,10,1.0,0.9988601207733154
128QAM,20.0,tone,5.0,10,1.0,0.9999958038330078
128QAM,20.0,tone,10.0,10,1.0,0.9999957323074341
128QAM,30.0,barrage,-10.0,9,0.0,0.0975666389697128
128QAM,30.0,barrage,-5.0,9,0.6666666666666666,0.577320878704389
128QAM,30.0,barrage,0.0,9,1.0,0.9953717125786675
128QAM,30.0,barrage,5.0,9,1.0,0.999998516506619
128QAM,30.0,barrage,10.0,9,1.0,1.0
128QAM,30.0,chirp,-10.0,9,0.0,0.11807093086342017
128QAM,30.0,chirp,-5.0,9,0.7777777777777778,0.6814464198218452
128QAM,30.0,chirp,0.0,9,1.0,0.9988900555504693
128QAM,30.0,chirp,5.0,9,1.0,0.9999970859951444
128QAM,30.0,chirp,10.0,9,1.0,0.9999994039535522
128QAM,30.0,tone,-10.0,9,0.0,0.12307881936430931
128QAM,30.0,tone,-5.0,9,0.8888888888888888,0.7308387888802422
128QAM,30.0,tone,0.0,9,1.0,0.9621851642926534
128QAM,30.0,tone,5.0,9,1.0,0.9999870724148221
128QAM,30.0,tone,10.0,9,1.0,0.9999994966718886
16APSK,-20.0,barrage,-10.0,10,0.0,0.06243523694574833
16APSK,-20.0,barrage,-5.0,10,0.0,0.30002144575119016
16APSK,-20.0,barrage,0.0,10,1.0,0.989799189567566
16APSK,-20.0,barrage,5.0,10,1.0,0.9999964118003846
16APSK,-20.0,barrage,10.0,10,1.0,0.9999998927116394
16APSK,-20.0,chirp,-10.0,10,0.0,0.07180710919201375
16APSK,-20.0,chirp,-5.0,10,0.4,0.49411122500896454
16APSK,-20.0,chirp,0.0,10,1.0,0.9892824530601502
16APSK,-20.0,chirp,5.0,10,1.0,0.9999889373779297
16APSK,-20.0,chirp,10.0,10,1.0,0.9999985933303833
16APSK,-20.0,tone,-10.0,10,0.0,0.06619728542864323
16APSK,-20.0,tone,-5.0,10,0.2,0.3568248629570007
16APSK,-20.0,tone,0.0,10,1.0,0.9690911114215851
16APSK,-20.0,tone,5.0,10,1.0,0.9999881505966186
16APSK,-20.0,tone,10.0,10,1.0,0.9999901533126831
16APSK,-10.0,barrage,-10.0,10,0.0,0.06963189877569675
16APSK,-10.0,barrage,-5.0,10,0.0,0.3533569201827049
16APSK,-10.0,barrage,0.0,10,1.0,0.9926398754119873
16APSK,-10.0,barrage,5.0,10,1.0,0.9999966382980346
16APSK,-10.0,barrage,10.0,10,1.0,0.9999999165534973
16APSK,-10.0,chirp,-10.0,10,0.0,0.08479026108980178
16APSK,-10.0,chirp,-5.0,10,0.3,0.41664187163114547
16APSK,-10.0,chirp,0.0,10,1.0,0.9695215940475463
16APSK,-10.0,chirp,5.0,10,1.0,0.9999845862388611
16APSK,-10.0,chirp,10.0,10,1.0,0.9999992370605468
16APSK,-10.0,tone,-10.0,10,0.0,0.07133580707013606
16APSK,-10.0,tone,-5.0,10,0.1,0.37816555202007296
16APSK,-10.0,tone,0.0,10,1.0,0.9905725717544556
16APSK,-10.0,tone,5.0,10,1.0,0.9999922156333924
16APSK,-10.0,tone,10.0,10,1.0,0.999983811378479
16APSK,0.0,barrage,-10.0,10,0.0,0.17407023534178734
16APSK,0.0,barrage,-5.0,10,1.0,0.6893374383449554
16APSK,0.0,barrage,0.0,10,1.0,0.9994214236736297
16APSK,0.0,barrage,5.0,10,1.0,0.9999990582466125
16APSK,0.0,barrage,10.0,10,1.0,0.9999999880790711
16APSK,0.0,chirp,-10.0,10,0.1,0.23021749183535575
16APSK,0.0,chirp,-5.0,10,0.8,0.7384109780192375
16APSK,0.0,chirp,0.0,10,1.0,0.9961499869823456
16APSK,0.0,chirp,5.0,10,1.0,0.9999961733818055
16APSK,0.0,chirp,10.0,10,1.0,0.9999995827674866
16APSK,0.0,tone,-10.0,10,0.0,0.18917233049869536
16APSK,0.0,tone,-5.0,10,0.8,0.6746718794107437
16APSK,0.0,tone,0.0,10,1.0,0.9990370392799377
16APSK,0.0,tone,5.0,10,1.0,0.9999957919120789
16APSK,0.0,tone,10.0,10,1.0,0.9999954581260682
16APSK,10.0,barrage,-10.0,10,0.2,0.3129513017833233
16APSK,10.0,barrage,-5.0,10,1.0,0.9234467089176178
16APSK,10.0,barrage,0.0,10,1.0,0.9999717473983765
16APSK,10.0,barrage,5.0,10,1.0,0.999999487400055
16APSK,10.0,barrage,10.0,10,1.0,1.0
16APSK,10.0,chirp,-10.0,10,0.3,0.3704053573310375
16APSK,10.0,chirp,-5.0,10,1.0,0.9214467763900757
16APSK,10.0,chirp,0.0,10,1.0,0.9999844670295716
16APSK,10.0,chirp,5.0,10,1.0,0.9999977111816406
16APSK,10.0,chirp,10.0,10,1.0,0.9999998927116394
16APSK,10.0,tone,-10.0,10,0.5,0.47890866845846175
16APSK,10.0,tone,-5.0,10,1.0,0.9766827583312988
16APSK,10.0,tone,0.0,10,1.0,0.999469256401062
16APSK,10.0,tone,5.0,10,1.0,0.9999635934829711
16APSK,10.0,tone,10.0,10,1.0,0.9999999165534973
16APSK,20.0,barrage,-10.0,9,0.1111111111111111,0.2772924668259091
16APSK,20.0,barrage,-5.0,9,1.0,0.9011356367005242
16APSK,20.0,barrage,0.0,9,1.0,0.999961687458886
16APSK,20.0,barrage,5.0,9,1.0,0.9999997350904677
16APSK,20.0,barrage,10.0,9,1.0,1.0
16APSK,20.0,chirp,-10.0,9,0.2222222222222222,0.33091694447729325
16APSK,20.0,chirp,-5.0,9,0.8888888888888888,0.8898879951900907
16APSK,20.0,chirp,0.0,9,1.0,0.9999455544683669
16APSK,20.0,chirp,5.0,9,1.0,0.9999994569354587
16APSK,20.0,chirp,10.0,9,1.0,0.9999999337726169
16APSK,20.0,tone,-10.0,9,0.3333333333333333,0.40764860974417794
16APSK,20.0,tone,-5.0,9,0.8888888888888888,0.8641913384199142
16APSK,20.0,tone,0.0,9,1.0,0.999909520149231
16APSK,20.0,tone,5.0,9,1.0,0.9999728401501974
16APSK,20.0,tone,10.0,9,1.0,0.9999999072816637
16APSK,30.0,barrage,-10.0,9,0.1111111111111111,0.3395504413379563
16APSK,30.0,barrage,-5.0,9,1.0,0.94457831647661
16APSK,30.0,barrage,0.0,9,1.0,0.9999761051601834
16APSK,30.0,barrage,5.0,9,1.0,0.9999998675452338
16APSK,30.0,barrage,10.0,9,1.0,1.0
16APSK,30.0,chirp,-10.0,9,0.1111111111111111,0.3614913788106706
16APSK,30.0,chirp,-5.0,9,1.0,0.9466612339019775
16APSK,30.0,chirp,0.0,9,1.0,0.9999665286805894
16APSK,30.0,chirp,5.0,9,1.0,0.9999987681706747
16APSK,30.0,chirp,10.0,9,1.0,0.9999999735090468
16APSK,30.0,tone,-10.0,9,0.4444444444444444,0.5296283430523343
16APSK,30.0,tone,-5.0,9,1.0,0.9656834999720255
16APSK,30.0,tone,0.0,9,1.0,0.9998542931344774
16APSK,30.0,tone,5.0,9,1.0,0.9999977747599283
16APSK,30.0,tone,10.0,9,1.0,0.999999894036187
16PSK,-20.0,barrage,-10.0,9,0.0,0.06550945589939754
16PSK,-20.0,barrage,-5.0,9,0.0,0.32769659492704606
16PSK,-20.0,barrage,0.0,9,1.0,0.9919432004292806
16PSK,-20.0,barrage,5.0,9,1.0,0.9999962515301175
16PSK,-20.0,barrage,10.0,9,1.0,0.9999999470180936
16PSK,-20.0,chirp,-10.0,9,0.0,0.06912174117234018
16PSK,-20.0,chirp,-5.0,9,0.1111111111111111,0.3773038072718514
16PSK,-20.0,chirp,0.0,9,1.0,0.9928388661808438
16PSK,-20.0,chirp,5.0,9,1.0,0.999935249487559
16PSK,-20.0,chirp,10.0,9,1.0,0.9999983045789931
16PSK,-20.0,tone,-10.0,9,0.0,0.07008790555927488
16PSK,-20.0,tone,-5.0,9,0.2222222222222222,0.45180142919222516
16PSK,-20.0,tone,0.0,9,1.0,0.9843490256203545
16PSK,-20.0,tone,5.0,9,1.0,0.9999845690197415
16PSK,-20.0,tone,10.0,9,1.0,0.9999807675679525
16PSK,-10.0,barrage,-10.0,10,0.0,0.0644875142723322
16PSK,-10.0,barrage,-5.0,10,0.0,0.2590340331196785
16PSK,-10.0,barrage,0.0,10,1.0,0.9916553139686585
16PSK,-10.0,barrage,5.0,10,1.0,0.999996030330658
16PSK,-10.0,barrage,10.0,10,1.0,0.9999999165534973
16PSK,-10.0,chirp,-10.0,10,0.0,0.06601492501795292
16PSK,-10.0,chirp,-5.0,10,0.2,0.345390710234642
16PSK,-10.0,chirp,0.0,10,1.0,0.9701919972896575
16PSK,-10.0,chirp,5.0,10,1.0,0.9999895453453064
16PSK,-10.0,chirp,10.0,10,1.0,0.9999994754791259
16PSK,-10.0,tone,-10.0,10,0.0,0.08250548504292965
16PSK,-10.0,tone,-5.0,10,0.3,0.4294609062373638
16PSK,-10.0,tone,0.0,10,1.0,0.9840988636016845
16PSK,-10.0,tone,5.0,10,1.0,0.9999390244483948
16PSK,-10.0,tone,10.0,10,1.0,0.9999949097633362
16PSK,0.0,barrage,-10.0,10,0.0,0.13939166814088821
16PSK,0.0,barrage,-5.0,10,0.7,0.5620806902647019
16PSK,0.0,barrage,0.0,10,1.0,0.9964810848236084
16PSK,0.0,barrage,5.0,10,1.0,0.999998128414154
16PSK,0.0,barrage,10.0,10,1.0,0.9999999642372132
16PSK,0.0,chirp,-10.0,10,0.0,0.13401608243584634
16PSK,0.0,chirp,-5.0,10,0.8,0.6100177198648453
16PSK,0.0,chirp,0.0,10,1.0,0.9907774150371551
16PSK,0.0,chirp,5.0,10,1.0,0.9999976515769958
16PSK,0.0,chirp,10.0,10,1.0,0.9999990224838257
16PSK,0.0,tone,-10.0,10,0.0,0.15690601319074632
16PSK,0.0,tone,-5.0,10,0.8,0.64505355656147
16PSK,0.0,tone,0.0,10,1.0,0.9940663874149323
16PSK,0.0,tone,5.0,10,1.0,0.999995481967926
16PSK,0.0,tone,10.0,10,1.0,0.9999987721443176
16PSK,10.0,barrage,-10.0,10,0.0,0.07164504602551461
16PSK,10.0,barrage,-5.0,10,0.7,0.5450203955173493
16PSK,10.0,barrage,0.0,10,1.0,0.996498453617096
16PSK,10.0,barrage,5.0,10,1.0,0.9999986886978149
16PSK,10.0,barrage,10.0,10,1.0,0.9999999880790711
16PSK,10.0,chirp,-10.0,10,0.0,0.07005022540688514
16PSK,10.0,chirp,-5.0,10,0.6,0.5890422716736794
16PSK,10.0,chirp,0.0,10,1.0,0.996481865644455
16PSK,10.0,chirp,5.0,10,1.0,0.9999667942523957
16PSK,10.0,chirp,10.0,10,1.0,0.9999994158744812
16PSK,10.0,tone,-10.0,10,0.0,0.0925005804747343
16PSK,10.0,tone,-5.0,10,0.9,0.7259728297591209
16PSK,10.0,tone,0.0,10,1.0,0.95222008228302
16PSK,10.0,tone,5.0,10,1.0,0.9999978303909302
16PSK,10.0,tone,10.0,10,1.0,0.999998939037323
16PSK,20.0,barrage,-10.0,10,0.0,0.09111760444939136
16PSK,20.0,barrage,-5.0,10,0.7,0.6025961399078369
16PSK,20.0,barrage,0.0,10,1.0,0.9973150610923767
16PSK,20.0,barrage,5.0,10,1.0,0.9999988675117493
16PSK,20.0,barrage,10.0,10,1.0,0.9999999880790711
16PSK,20.0,chirp,-10.0,10,0.0,0.14045211672782898
16PSK,20.0,chirp,-5.0,10,0.8,0.7307513236999512
16PSK,20.0,chirp,0.0,10,1.0,0.9928385436534881
16PSK,20.0,chirp,5.0,10,1.0,0.9999965071678162
16PSK,20.0,chirp,10.0,10,1.0,0.9999997735023498
16PSK,20.0,tone,-10.0,10,0.0,0.1073035541921854
16PSK,20.0,tone,-5.0,10,0.9,0.763012869656086
16PSK,20.0,tone,0.0,10,1.0,0.9956264793872833
16PSK,20.0,tone,5.0,10,1.0,0.9999898314476013
16PSK,20.0,tone,10.0,10,1.0,0.9999994516372681
16PSK,30.0,barrage,-10.0,10,0.0,0.08259227722883225
16PSK,30.0,barrage,-5.0,10,0.8,0.5678074449300766
16PSK,30.0,barrage,0.0,10,1.0,0.996421080827713
16PSK,30.0,barrage,5.0,10,1.0,0.9999987721443176
16PSK,30.0,barrage,10.0,10,1.0,1.0
16PSK,30.0,chirp,-10.0,10,0.0,0.08219483252614737
16PSK,30.0,chirp,-5.0,10,0.8,0.6647415310144424
16PSK,30.0,chirp,0.0,10,1.0,0.9976677775382996
16PSK,30.0,chirp,5.0,10,1.0,0.9999957323074341
16PSK,30.0,chirp,10.0,10,1.0,0.9999996304512024
16PSK,30.0,tone,-10.0,10,0.0,0.12435856461524963
16PSK,30.0,tone,-5.0,10,0.8,0.6733493119478225
16PSK,30.0,tone,0.0,10,1.0,0.9990658283233642
16PSK,30.0,tone,5.0,10,1.0,0.9999869465827942
16PSK,30.0,tone,10.0,10,1.0,0.9999922513961792
16QAM,-20.0,barrage,-10.0,10,0.0,0.07178349643945695
16QAM,-20.0,barrage,-5.0,10,0.1,0.3240743428468704
16QAM,-20.0,barrage,0.0,10,1.0,0.9913283824920655
16QAM,-20.0,barrage,5.0,10,1.0,0.9999967575073242
16QAM,-20.0,barrage,10.0,10,1.0,0.9999999165534973
16QAM,-20.0,chirp,-10.0,10,0.0,0.08163018561899663
16QAM,-20.0,chirp,-5.0,10,0.5,0.43276029974222185
16QAM,-20.0,chirp,0.0,10,1.0,0.9697141826152802
16QAM,-20.0,chirp,5.0,10,1.0,0.9999980330467224
16QAM,-20.0,chirp,10.0,10,1.0,0.9999989986419677
16QAM,-20.0,tone,-10.0,10,0.0,0.10820401012897492
16QAM,-20.0,tone,-5.0,10,0.1,0.3730138152837753
16QAM,-20.0,tone,0.0,10,1.0,0.9982173383235932
16QAM,-20.0,tone,5.0,10,1.0,0.9999932765960693
16QAM,-20.0,tone,10.0,10,1.0,0.9999988317489624
16QAM,-10.0,barrage,-10.0,10,0.0,0.06555340923368931
16QAM,-10.0,barrage,-5.0,10,0.0,0.3158354669809341
16QAM,-10.0,barrage,0.0,10,1.0,0.9906755208969116
16QAM,-10.0,barrage,5.0,10,1.0,0.9999972343444824
16QAM,-10.0,barrage,10.0,10,1.0,0.9999999165534973
16QAM,-10.0,chirp,-10.0,10,0.0,0.07556535266339778
16QAM,-10.0,chirp,-5.0,10,0.5,0.45756479203701017
16QAM,-10.0,chirp,0.0,10,1.0,0.992016726732254
16QAM,-10.0,chirp,5.0,10,1.0,0.9999562561511993
16QAM,-10.0,chirp,10.0,10,1.0,0.9999983549118042
16QAM,-10.0,tone,-10.0,10,0.0,0.0663940105587244
16QAM,-10.0,tone,-5.0,10,0.1,0.35731791257858275
16QAM,-10.0,tone,0.0,10,1.0,0.9889580368995666
16QAM,-10.0,tone,5.0,10,1.0,0.9999912858009339
16QAM,-10.0,tone,10.0,10,1.0,0.9999782919883728
16QAM,0.0,barrage,-10.0,9,0.0,0.1283016080657641
16QAM,0.0,barrage,-5.0,9,0.6666666666666666,0.5346401168240441
16QAM,0.0,barrage,0.0,9,1.0,0.9962210125393338
16QAM,0.0,barrage,5.0,9,1.0,0.9999977085325453
16QAM,0.0,barrage,10.0,9,1.0,0.9999999735090468
16QAM,0.0,chirp,-10.0,9,0.0,0.12490044037501018
16QAM,0.0,chirp,-5.0,9,0.7777777777777778,0.6026225056913164
16QAM,0.0,chirp,0.0,9,1.0,0.9969234069188436
16QAM,0.0,chirp,5.0,9,1.0,0.9999978542327881
16QAM,0.0,chirp,10.0,9,1.0,0.9999996953540378
16QAM,0.0,tone,-10.0,9,0.0,0.13879545695251888
16QAM,0.0,tone,-5.0,9,0.7777777777777778,0.6345982584688399
16QAM,0.0,tone,0.0,9,1.0,0.9950258996751573
16QAM,0.0,tone,5.0,9,1.0,0.9999920924504598
16QAM,0.0,tone,10.0,9,1.0,0.999999033080207
16QAM,10.0,barrage,-10.0,9,0.0,0.1006955968009101
16QAM,10.0,barrage,-5.0,9,0.8888888888888888,0.6525203320715163
16QAM,10.0,barrage,0.0,9,1.0,0.996664371755388
16QAM,10.0,barrage,5.0,9,1.0,0.9999988608890109
16QAM,10.0,barrage,10.0,9,1.0,0.9999999602635702
16QAM,10.0,chirp,-10.0,9,0.0,0.1265827040705416
16QAM,10.0,chirp,-5.0,9,0.8888888888888888,0.7210675279299418
16QAM,10.0,chirp,0.0,9,1.0,0.9634309013684591
16QAM,10.0,chirp,5.0,9,1.0,0.9999969270494249
16QAM,10.0,chirp,10.0,9,1.0,0.999999549653795
16QAM,10.0,tone,-10.0,9,0.0,0.13041521774397957
16QAM,10.0,tone,-5.0,9,1.0,0.8859730296664767
16QAM,10.0,tone,0.0,9,1.0,0.9990719821718004
16QAM,10.0,tone,5.0,9,1.0,0.9999977747599283
16QAM,10.0,tone,10.0,9,1.0,0.9999994966718886
16QAM,20.0,barrage,-10.0,10,0.0,0.10659264922142028
16QAM,20.0,barrage,-5.0,10,0.6,0.5811060935258865
16QAM,20.0,barrage,0.0,10,1.0,0.9975364565849304
16QAM,20.0,barrage,5.0,10,1.0,0.9999987959861756
16QAM,20.0,barrage,10.0,10,1.0,1.0
16QAM,20.0,chirp,-10.0,10,0.0,0.10064146239310504
16QAM,20.0,chirp,-5.0,10,1.0,0.7584814906120301
16QAM,20.0,chirp,0.0,10,1.0,0.9986203491687775
16QAM,20.0,chirp,5.0,10,1.0,0.9999988675117493
16QAM,20.0,chirp,10.0,10,1.0,0.9999996781349182
16QAM,20.0,tone,-10.0,10,0.0,0.13694578930735588
16QAM,20.0,tone,-5.0,10,0.9,0.7533135905861854
16QAM,20.0,tone,0.0,10,1.0,0.9985537707805634
16QAM,20.0,tone,5.0,10,1.0,0.9999980926513672
16QAM,20.0,tone,10.0,10,1.0,0.9999998450279236
16QAM,30.0,barrage,-10.0,10,0.0,0.09382220730185509
16QAM,30.0,barrage,-5.0,10,1.0,0.6259319841861725
16QAM,30.0,barrage,0.0,10,1.0,0.9974205553531647
16QAM,30.0,barrage,5.0,10,1.0,0.9999988436698913
16QAM,30.0,barrage,10.0,10,1.0,0.9999999761581421
16QAM,30.0,chirp,-10.0,10,0.0,0.09914785958826541
16QAM,30.0,chirp,-5.0,10,0.9,0.7143088996410369
16QAM,30.0,chirp,0.0,10,1.0,0.9987726330757141
16QAM,30.0,chirp,5.0,10,1.0,0.999998414516449
16QAM,30.0,chirp,10.0,10,1.0,0.999999713897705
16QAM,30.0,tone,-10.0,10,0.0,0.11637170091271401
16QAM,30.0,tone,-5.0,10,0.8,0.7036734208464622
16QAM,30.0,tone,0.0,10,1.0,0.9994329571723938
16QAM,30.0,tone,5.0,10,1.0,0.9999985337257385
16QAM,30.0,tone,10.0,10,1.0,0.9999836087226868
256QAM,-20.0,barrage,-10.0,9,0.0,0.06757722919185956
256QAM,-20.0,barrage,-5.0,9,0.0,0.31941181586848366
256QAM,-20.0,barrage,0.0,9,1.0,0.991413758860694
256QAM,-20.0,barrage,5.0,9,1.0,0.9999970462587144
256QAM,-20.0,barrage,10.0,9,1.0,0.9999998807907104
256QAM,-20.0,chirp,-10.0,9,0.0,0.07397908137904273
256QAM,-20.0,chirp,-5.0,9,0.2222222222222222,0.3124771647983127
256QAM,-20.0,chirp,0.0,9,1.0,0.9868114789326986
256QAM,-20.0,chirp,5.0,9,1.0,0.9999757342868381
256QAM,-20.0,chirp,10.0,9,1.0,0.9999990728166368
256QAM,-20.0,tone,-10.0,9,0.0,0.07127924842966928
256QAM,-20.0,tone,-5.0,9,0.5555555555555556,0.5470508817169402
256QAM,-20.0,tone,0.0,9,1.0,0.9884900715616014
256QAM,-20.0,tone,5.0,9,1.0,0.999985310766432
256QAM,-20.0,tone,10.0,9,1.0,0.9999985429975722
256QAM,-10.0,barrage,-10.0,10,0.0,0.05911208800971508
256QAM,-10.0,barrage,-5.0,10,0.2,0.3229998603463173
256QAM,-10.0,barrage,0.0,10,1.0,0.9894145548343658
256QAM,-10.0,barrage,5.0,10,1.0,0.9999970078468323
256QAM,-10.0,barrage,10.0,10,1.0,0.9999999046325684
256QAM,-10.0,chirp,-10.0,10,0.0,0.0687967922538519
256QAM,-10.0,chirp,-5.0,10,0.3,0.4139546021819115
256QAM,-10.0,chirp,0.0,10,1.0,0.9929119110107422
256QAM,-10.0,chirp,5.0,10,1.0,0.9999349892139435
256QAM,-10.0,chirp,10.0,10,1.0,0.9999990344047547
256QAM,-10.0,tone,-10.0,10,0.0,0.05462264008820057
256QAM,-10.0,tone,-5.0,10,0.5,0.5365568086504936
256QAM,-10.0,tone,0.0,10,1.0,0.9872662127017975
256QAM,-10.0,tone,5.0,10,1.0,0.9999744892120361
256QAM,-10.0,tone,10.0,10,1.0,0.9999986410140991
256QAM,0.0,barrage,-10.0,9,0.0,0.2637340658240848
256QAM,0.0,barrage,-5.0,9,1.0,0.756359510951572
256QAM,0.0,barrage,0.0,9,1.0,0.9983669386969672
256QAM,0.0,barrage,5.0,9,1.0,0.9999990595711602
256QAM,0.0,barrage,10.0,9,1.0,1.0
256QAM,0.0,chirp,-10.0,9,0.1111111111111111,0.3084827727741665
256QAM,0.0,chirp,-5.0,9,1.0,0.8719209035237631
256QAM,0.0,chirp,0.0,9,1.0,0.9975208640098572
256QAM,0.0,chirp,5.0,9,1.0,0.9999992317623563
256QAM,0.0,chirp,10.0,9,1.0,0.9999998807907104
256QAM,0.0,tone,-10.0,9,0.1111111111111111,0.314817204243607
256QAM,0.0,tone,-5.0,9,1.0,0.8561675018734403
256QAM,0.0,tone,0.0,9,1.0,0.9983734819624159
256QAM,0.0,tone,5.0,9,1.0,0.9999953243467543
256QAM,0.0,tone,10.0,9,1.0,0.9999788337283664
256QAM,10.0,barrage,-10.0,9,0.1111111111111111,0.1872322333769666
256QAM,10.0,barrage,-5.0,9,0.7777777777777778,0.6648639308081733
256QAM,10.0,barrage,0.0,9,1.0,0.9955873290697733
256QAM,10.0,barrage,5.0,9,1.0,0.9999993112352159
256QAM,10.0,barrage,10.0,9,1.0,1.0
256QAM,10.0,chirp,-10.0,9,0.2222222222222222,0.2510852590203285
256QAM,10.0,chirp,-5.0,9,0.7777777777777778,0.6463656181262599
256QAM,10.0,chirp,0.0,9,1.0,0.9981849326027764
256QAM,10.0,chirp,5.0,9,1.0,0.9999982118606567
256QAM,10.0,chirp,10.0,9,1.0,0.9999997880723741
256QAM,10.0,tone,-10.0,9,0.1111111111111111,0.24884049387441742
256QAM,10.0,tone,-5.0,9,0.6666666666666666,0.7617297404342227
256QAM,10.0,tone,0.0,9,1.0,0.9973047706815932
256QAM,10.0,tone,5.0,9,1.0,0.9999993244806925
256QAM,10.0,tone,10.0,9,1.0,0.9999835888544718
256QAM,20.0,barrage,-10.0,9,0.1111111111111111,0.21630033519532946
256QAM,20.0,barrage,-5.0,9,0.6666666666666666,0.6432680305507448
256QAM,20.0,barrage,0.0,9,1.0,0.9962056544091966
256QAM,20.0,barrage,5.0,9,1.0,0.9999984635247124
256QAM,20.0,barrage,10.0,9,1.0,0.9999999867545234
256QAM,20.0,chirp,-10.0,9,0.3333333333333333,0.2801231839176681
256QAM,20.0,chirp,-5.0,9,0.7777777777777778,0.7206453159451485
256QAM,20.0,chirp,0.0,9,1.0,0.9973416394657559
256QAM,20.0,chirp,5.0,9,1.0,0.9999983972973294
256QAM,20.0,chirp,10.0,9,1.0,0.999999033080207
256QAM,20.0,tone,-10.0,9,0.1111111111111111,0.21133189751870102
256QAM,20.0,tone,-5.0,9,0.8888888888888888,0.8141862650712332
256QAM,20.0,tone,0.0,9,1.0,0.9898998604880439
256QAM,20.0,tone,5.0,9,1.0,0.9998963077863058
256QAM,20.0,tone,10.0,9,1.0,0.9999997483359443
256QAM,30.0,barrage,-10.0,9,0.3333333333333333,0.2652546796533797
256QAM,30.0,barrage,-5.0,9,0.7777777777777778,0.7093814147843255
256QAM,30.0,barrage,0.0,9,1.0,0.9987182948324416
256QAM,30.0,barrage,5.0,9,1.0,0.9999992979897393
256QAM,30.0,barrage,10.0,9,1.0,1.0
256QAM,30.0,chirp,-10.0,9,0.1111111111111111,0.25563252303335404
256QAM,30.0,chirp,-5.0,9,0.8888888888888888,0.8101738823784722
256QAM,30.0,chirp,0.0,9,1.0,0.9995119704140557
256QAM,30.0,chirp,5.0,9,1.0,0.9999978144963583
256QAM,30.0,chirp,10.0,9,1.0,0.9999998013178507
256QAM,30.0,tone,-10.0,9,0.3333333333333333,0.3777828456626998
256QAM,30.0,tone,-5.0,9,1.0,0.8919142550892301
256QAM,30.0,tone,0.0,9,1.0,0.9997534420755174
256QAM,30.0,tone,5.0,9,1.0,0.9999996158811781
256QAM,30.0,tone,10.0,9,1.0,0.9999997483359443
32APSK,-20.0,barrage,-10.0,9,0.0,0.06475855120354229
32APSK,-20.0,barrage,-5.0,9,0.0,0.27942627833949196
32APSK,-20.0,barrage,0.0,9,1.0,0.9906865888171725
32APSK,-20.0,barrage,5.0,9,1.0,0.9999967548582289
32APSK,-20.0,barrage,10.0,9,1.0,0.9999998807907104
32APSK,-20.0,chirp,-10.0,9,0.0,0.0691336811416679
32APSK,-20.0,chirp,-5.0,9,0.4444444444444444,0.46516693300671047
32APSK,-20.0,chirp,0.0,9,1.0,0.983809126747979
32APSK,-20.0,chirp,5.0,9,1.0,0.9999435411559211
32APSK,-20.0,chirp,10.0,9,1.0,0.9999985959794786
32APSK,-20.0,tone,-10.0,9,0.0,0.0670653950009081
32APSK,-20.0,tone,-5.0,9,0.5555555555555556,0.6175440218713548
32APSK,-20.0,tone,0.0,9,1.0,0.9917861355675591
32APSK,-20.0,tone,5.0,9,1.0,0.9999927282333374
32APSK,-20.0,tone,10.0,9,1.0,0.9999977350234985
32APSK,-10.0,barrage,-10.0,9,0.0,0.06468177338441213
32APSK,-10.0,barrage,-5.0,9,0.1111111111111111,0.31167179842789966
32APSK,-10.0,barrage,0.0,9,1.0,0.990284177992079
32APSK,-10.0,barrage,5.0,9,1.0,0.9999969270494249
32APSK,-10.0,barrage,10.0,9,1.0,0.9999999072816637
32APSK,-10.0,chirp,-10.0,9,0.0,0.07159244062172042
32APSK,-10.0,chirp,-5.0,9,0.4444444444444444,0.5058964027298821
32APSK,-10.0,chirp,0.0,9,1.0,0.96433910396364
32APSK,-10.0,chirp,5.0,9,1.0,0.9999898672103882
32APSK,-10.0,chirp,10.0,9,1.0,0.9999988608890109
32APSK,-10.0,tone,-10.0,9,0.0,0.09104025488098462
32APSK,-10.0,tone,-5.0,9,0.2222222222222222,0.41825323303540546
32APSK,-10.0,tone,0.0,9,1.0,0.9849813514285617
32APSK,-10.0,tone,5.0,9,1.0,0.9999845557742648
32APSK,-10.0,tone,10.0,9,1.0,0.9999995628992716
32APSK,0.0,barrage,-10.0,10,0.0,0.15235419869422911
32APSK,0.0,barrage,-5.0,10,0.7,0.5661090314388275
32APSK,0.0,barrage,0.0,10,1.0,0.9960104882717132
32APSK,0.0,barrage,5.0,10,1.0,0.9999984741210938
32APSK,0.0,barrage,10.0,10,1.0,0.9999999642372132
32APSK,0.0,chirp,-10.0,10,0.0,0.16606030240654945
32APSK,0.0,chirp,-5.0,10,0.9,0.7018322348594666
32APSK,0.0,chirp,0.0,10,1.0,0.9917506575584412
32APSK,0.0,chirp,5.0,10,1.0,0.999968272447586
32APSK,0.0,chirp,10.0,10,1.0,0.9999991059303284
32APSK,0.0,tone,-10.0,10,0.0,0.18879659622907638
32APSK,0.0,tone,-5.0,10,0.7,0.5920659363269806
32APSK,0.0,tone,0.0,10,1.0,0.9961466610431671
32APSK,0.0,tone,5.0,10,1.0,0.9999752283096314
32APSK,0.0,tone,10.0,10,1.0,0.9999815702438355
32APSK,10.0,barrage,-10.0,9,0.0,0.12218141183257103
32APSK,10.0,barrage,-5.0,9,1.0,0.6942150327894423
32APSK,10.0,barrage,0.0,9,1.0,0.9978807701004876
32APSK,10.0,barrage,5.0,9,1.0,0.9999988079071045
32APSK,10.0,barrage,10.0,9,1.0,0.9999999867545234
32APSK,10.0,chirp,-10.0,9,0.0,0.21180983011921248
32APSK,10.0,chirp,-5.0,9,0.8888888888888888,0.7283805774317847
32APSK,10.0,chirp,0.0,9,1.0,0.9931515720155504
32APSK,10.0,chirp,5.0,9,1.0,0.9999971389770508
32APSK,10.0,chirp,10.0,9,1.0,0.9999995628992716
32APSK,10.0,tone,-10.0,9,0.0,0.1959909631146325
32APSK,10.0,tone,-5.0,9,1.0,0.8641279406017728
32APSK,10.0,tone,0.0,9,1.0,0.9993841250737509
32APSK,10.0,tone,5.0,9,1.0,0.9999835888544718
32APSK,10.0,tone,10.0,9,1.0,0.9999977217780219
32APSK,20.0,barrage,-10.0,9,0.0,0.11777416202757093
32APSK,20.0,barrage,-5.0,9,1.0,0.7375138335757785
32APSK,20.0,barrage,0.0,9,1.0,0.9967934952841865
32APSK,20.0,barrage,5.0,9,1.0,0.9999988343980577
32APSK,20.0,barrage,10.0,9,1.0,1.0
32APSK,20.0,chirp,-10.0,9,0.0,0.14210142484969562
32APSK,20.0,chirp,-5.0,9,1.0,0.7730967866049873
32APSK,20.0,chirp,0.0,9,1.0,0.9503933986028036
32APSK,20.0,chirp,5.0,9,1.0,0.9999977615144517
32APSK,20.0,chirp,10.0,9,1.0,0.999999827808804
32APSK,20.0,tone,-10.0,9,0.0,0.16799723522530663
32APSK,20.0,tone,-5.0,9,0.8888888888888888,0.7910245176818635
32APSK,20.0,tone,0.0,9,1.0,0.9996566242641873
32APSK,20.0,tone,5.0,9,1.0,0.9999904765023125
32APSK,20.0,tone,10.0,9,1.0,0.999999483426412
32APSK,30.0,barrage,-10.0,9,0.0,0.13205757406022814
32APSK,30.0,barrage,-5.0,9,0.8888888888888888,0.7365386419826083
32APSK,30.0,barrage,0.0,9,1.0,0.9977487259440951
32APSK,30.0,barrage,5.0,9,1.0,0.9999991125530667
32APSK,30.0,barrage,10.0,9,1.0,1.0
32APSK,30.0,chirp,-10.0,9,0.0,0.1725283232000139
32APSK,30.0,chirp,-5.0,9,0.7777777777777778,0.6582700684666634
32APSK,30.0,chirp,0.0,9,1.0,0.9986978504392836
32APSK,30.0,chirp,5.0,9,1.0,0.9999970330132378
32APSK,30.0,chirp,10.0,9,1.0,0.9999996423721313
32APSK,30.0,tone,-10.0,9,0.2222222222222222,0.25178430043160915
32APSK,30.0,tone,-5.0,9,1.0,0.8621981806225247
32APSK,30.0,tone,0.0,9,1.0,0.9997534222073026
32APSK,30.0,tone,5.0,9,1.0,0.9999925427966647
32APSK,30.0,tone,10.0,9,1.0,0.9999994436899821
32PSK,-20.0,barrage,-10.0,9,0.0,0.06037615239620209
32PSK,-20.0,barrage,-5.0,9,0.0,0.2969915784067578
32PSK,-20.0,barrage,0.0,9,1.0,0.9896920257144504
32PSK,-20.0,barrage,5.0,9,1.0,0.9999963310029771
32PSK,-20.0,barrage,10.0,9,1.0,0.9999999072816637
32PSK,-20.0,chirp,-10.0,9,0.0,0.06711503697766198
32PSK,-20.0,chirp,-5.0,9,0.2222222222222222,0.4517144113779068
32PSK,-20.0,chirp,0.0,9,1.0,0.9766527348094516
32PSK,-20.0,chirp,5.0,9,1.0,0.9999891122182211
32PSK,-20.0,chirp,10.0,9,1.0,0.9999989138709174
32PSK,-20.0,tone,-10.0,9,0.0,0.06327082133955425
32PSK,-20.0,tone,-5.0,9,0.1111111111111111,0.35044679211245644
32PSK,-20.0,tone,0.0,9,1.0,0.9931911693678962
32PSK,-20.0,tone,5.0,9,1.0,0.9998982614941068
32PSK,-20.0,tone,10.0,9,1.0,0.9999926222695245
32PSK,-10.0,barrage,-10.0,10,0.0,0.0680160503834486
32PSK,-10.0,barrage,-5.0,10,0.1,0.3474811792373657
32PSK,-10.0,barrage,0.0,10,1.0,0.9907105326652527
32PSK,-10.0,barrage,5.0,10,1.0,0.999996566772461
32PSK,-10.0,barrage,10.0,10,1.0,0.9999999284744263
32PSK,-10.0,chirp,-10.0,10,0.0,0.07864131517708302
32PSK,-10.0,chirp,-5.0,10,0.4,0.42938250601291655
32PSK,-10.0,chirp,0.0,10,1.0,0.9930671453475952
32PSK,-10.0,chirp,5.0,10,1.0,0.9999825835227967
32PSK,-10.0,chirp,10.0,10,1.0,0.9999992966651916
32PSK,-10.0,tone,-10.0,10,0.0,0.07258510887622834
32PSK,-10.0,tone,-5.0,10,0.3,0.485553015768528
32PSK,-10.0,tone,0.0,10,1.0,0.9951840579509735
32PSK,-10.0,tone,5.0,10,1.0,0.9999854683876037
32PSK,-10.0,tone,10.0,10,1.0,0.9999988675117493
32PSK,0.0,barrage,-10.0,10,0.0,0.22308267951011657
32PSK,0.0,barrage,-5.0,10,0.7,0.6469184100627899
32PSK,0.0,barrage,0.0,10,1.0,0.9988112151622772
32PSK,0.0,barrage,5.0,10,1.0,0.9999993324279786
32PSK,0.0,barrage,10.0,10,1.0,0.9999999880790711
32PSK,0.0,chirp,-10.0,10,0.0,0.19159354865550995
32PSK,0.0,chirp,-5.0,10,0.9,0.7255979299545288
32PSK,0.0,chirp,0.0,10,1.0,0.9990166187286377
32PSK,0.0,chirp,5.0,10,1.0,0.9999959230422973
32PSK,0.0,chirp,10.0,10,1.0,0.9999994277954102
32PSK,0.0,tone,-10.0,10,0.1,0.2263030707836151
32PSK,0.0,tone,-5.0,10,1.0,0.7721408843994141
32PSK,0.0,tone,0.0,10,1.0,0.9989003241062164
32PSK,0.0,tone,5.0,10,1.0,0.9999941945075989
32PSK,0.0,tone,10.0,10,1.0,0.999987256526947
32PSK,10.0,barrage,-10.0,10,0.3,0.28160298988223076
32PSK,10.0,barrage,-5.0,10,1.0,0.8812438428401947
32PSK,10.0,barrage,0.0,10,1.0,0.9999413430690766
32PSK,10.0,barrage,5.0,10,1.0,0.999999749660492
32PSK,10.0,barrage,10.0,10,1.0,1.0
32PSK,10.0,chirp,-10.0,10,0.3,0.33365209922194483
32PSK,10.0,chirp,-5.0,10,1.0,0.9373672366142273
32PSK,10.0,chirp,0.0,10,1.0,0.9999309062957764
32PSK,10.0,chirp,5.0,10,1.0,0.9999939322471618
32PSK,10.0,chirp,10.0,10,1.0,0.9999995350837707
32PSK,10.0,tone,-10.0,10,0.3,0.40585522502660754
32PSK,10.0,tone,-5.0,10,1.0,0.9193980157375335
32PSK,10.0,tone,0.0,10,1.0,0.9999369084835052
32PSK,10.0,tone,5.0,10,1.0,0.9999522030353546
32PSK,10.0,tone,10.0,10,1.0,0.9999983072280884
32PSK,20.0,barrage,-10.0,10,0.1,0.27689806893467905
32PSK,20.0,barrage,-5.0,10,0.9,0.8316850811243057
32PSK,20.0,barrage,0.0,10,1.0,0.99991295337677
32PSK,20.0,barrage,5.0,10,1.0,0.9999997854232788
32PSK,20.0,barrage,10.0,10,1.0,1.0
32PSK,20.0,chirp,-10.0,10,0.2,0.2826228432357311
32PSK,20.0,chirp,-5.0,10,1.0,0.9144465863704682
32PSK,20.0,chirp,0.0,10,1.0,0.9999357759952545
32PSK,20.0,chirp,5.0,10,1.0,0.9999989032745361
32PSK,20.0,chirp,10.0,10,1.0,0.9999993562698364
32PSK,20.0,tone,-10.0,10,0.3,0.3893427364528179
32PSK,20.0,tone,-5.0,10,1.0,0.9645541131496429
32PSK,20.0,tone,0.0,10,1.0,0.9998892068862915
32PSK,20.0,tone,5.0,10,1.0,0.9999987244606018
32PSK,20.0,tone,10.0,10,1.0,0.9999998211860657
32PSK,30.0,barrage,-10.0,9,0.0,0.17239459935161802
32PSK,30.0,barrage,-5.0,9,1.0,0.83158364560869
32PSK,30.0,barrage,0.0,9,1.0,0.999889055887858
32PSK,30.0,barrage,5.0,9,1.0,0.9999997615814209
32PSK,30.0,barrage,10.0,9,1.0,1.0
32PSK,30.0,chirp,-10.0,9,0.0,0.211724315252569
32PSK,30.0,chirp,-5.0,9,1.0,0.9255716800689697
32PSK,30.0,chirp,0.0,9,1.0,0.9991500775019327
32PSK,30.0,chirp,5.0,9,1.0,0.9999989668528239
32PSK,30.0,chirp,10.0,9,1.0,0.9999999337726169
32PSK,30.0,tone,-10.0,9,0.0,0.21898472474681008
32PSK,30.0,tone,-5.0,9,1.0,0.9476933081944784
32PSK,30.0,tone,0.0,9,1.0,0.9999251100752089
32PSK,30.0,tone,5.0,9,1.0,0.9999829398261176
32PSK,30.0,tone,10.0,9,1.0,0.9999871651331583
32QAM,-20.0,barrage,-10.0,9,0.0,0.058789900607532926
32QAM,-20.0,barrage,-5.0,9,0.0,0.28037554853492314
32QAM,-20.0,barrage,0.0,9,1.0,0.9899373650550842
32QAM,-20.0,barrage,5.0,9,1.0,0.9999961588117812
32QAM,-20.0,barrage,10.0,9,1.0,0.9999999072816637
32QAM,-20.0,chirp,-10.0,9,0.0,0.06780697653690974
32QAM,-20.0,chirp,-5.0,9,0.3333333333333333,0.4299664894739787
32QAM,-20.0,chirp,0.0,9,1.0,0.9697789748509725
32QAM,-20.0,chirp,5.0,9,1.0,0.9999725090132819
32QAM,-20.0,chirp,10.0,9,1.0,0.999997165468004
32QAM,-20.0,tone,-10.0,9,0.0,0.07583705046110684
32QAM,-20.0,tone,-5.0,9,0.1111111111111111,0.3532844020260705
32QAM,-20.0,tone,0.0,9,1.0,0.9584080709351434
32QAM,-20.0,tone,5.0,9,1.0,0.9999655220243666
32QAM,-20.0,tone,10.0,9,1.0,0.9999988211525811
32QAM,-10.0,barrage,-10.0,9,0.0,0.07097343603769939
32QAM,-10.0,barrage,-5.0,9,0.0,0.30417345133092666
32QAM,-10.0,barrage,0.0,9,1.0,0.9915106760130988
32QAM,-10.0,barrage,5.0,9,1.0,0.9999962912665473
32QAM,-10.0,barrage,10.0,9,1.0,0.9999999072816637
32QAM,-10.0,chirp,-10.0,9,0.0,0.08039224810070461
32QAM,-10.0,chirp,-5.0,9,0.2222222222222222,0.38352518114778733
32QAM,-10.0,chirp,0.0,9,1.0,0.9857124421331618
32QAM,-10.0,chirp,5.0,9,1.0,0.9999944236543443
32QAM,-10.0,chirp,10.0,9,1.0,0.9999989933437772
32QAM,-10.0,tone,-10.0,9,0.0,0.07596895098686218
32QAM,-10.0,tone,-5.0,9,0.4444444444444444,0.41316109233432347
32QAM,-10.0,tone,0.0,9,1.0,0.9704009691874186
32QAM,-10.0,tone,5.0,9,1.0,0.9999870459238688
32QAM,-10.0,tone,10.0,9,1.0,0.9999807013405694
32QAM,0.0,barrage,-10.0,10,0.0,0.19621609300374984
32QAM,0.0,barrage,-5.0,10,0.9,0.7296560347080231
32QAM,0.0,barrage,0.0,10,1.0,0.9994702398777008
32QAM,0.0,barrage,5.0,10,1.0,0.9999994039535522
32QAM,0.0,barrage,10.0,10,1.0,0.9999999761581421
32QAM,0.0,chirp,-10.0,10,0.1,0.2462397962808609
32QAM,0.0,chirp,-5.0,10,0.8,0.7524783790111542
32QAM,0.0,chirp,0.0,10,1.0,0.9995584964752198
32QAM,0.0,chirp,5.0,10,1.0,0.9999977231025696
32QAM,0.0,chirp,10.0,10,1.0,0.9999996900558472
32QAM,0.0,tone,-10.0,10,0.1,0.2296279203146696
32QAM,0.0,tone,-5.0,10,0.8,0.7542943954467773
32QAM,0.0,tone,0.0,10,1.0,0.9990067481994629
32QAM,0.0,tone,5.0,10,1.0,0.9999973058700562
32QAM,0.0,tone,10.0,10,1.0,0.9999993681907654
32QAM,10.0,barrage,-10.0,10,0.3,0.37418603859841826
32QAM,10.0,barrage,-5.0,10,1.0,0.9313308537006378
32QAM,10.0,barrage,0.0,10,1.0,0.9999776482582092
32QAM,10.0,barrage,5.0,10,1.0,0.999999713897705
32QAM,10.0,barrage,10.0,10,1.0,1.0
32QAM,10.0,chirp,-10.0,10,0.5,0.4542739760130644
32QAM,10.0,chirp,-5.0,10,1.0,0.9483449697494507
32QAM,10.0,chirp,0.0,10,1.0,0.9999908685684205
32QAM,10.0,chirp,5.0,10,1.0,0.9999961256980896
32QAM,10.0,chirp,10.0,10,1.0,0.9999999165534973
32QAM,10.0,tone,-10.0,10,0.5,0.46376470699906347
32QAM,10.0,tone,-5.0,10,1.0,0.9437634170055389
32QAM,10.0,tone,0.0,10,1.0,0.9999703884124755
32QAM,10.0,tone,5.0,10,1.0,0.9999965190887451
32QAM,10.0,tone,10.0,10,1.0,0.9999999165534973
32QAM,20.0,barrage,-10.0,10,0.1,0.3262979552149773
32QAM,20.0,barrage,-5.0,10,1.0,0.9345335245132447
32QAM,20.0,barrage,0.0,10,1.0,0.9999885201454163
32QAM,20.0,barrage,5.0,10,1.0,0.9999998450279236
32QAM,20.0,barrage,10.0,10,1.0,1.0
32QAM,20.0,chirp,-10.0,10,0.3,0.3678853064775467
32QAM,20.0,chirp,-5.0,10,1.0,0.9692732751369476
32QAM,20.0,chirp,0.0,10,1.0,0.9999376058578491
32QAM,20.0,chirp,5.0,10,1.0,0.999998140335083
32QAM,20.0,chirp,10.0,10,1.0,0.9999999880790711
32QAM,20.0,tone,-10.0,10,0.5,0.4904475785791874
32QAM,20.0,tone,-5.0,10,0.9,0.9146351903676987
32QAM,20.0,tone,0.0,10,1.0,0.9995969355106353
32QAM,20.0,tone,5.0,10,1.0,0.9999982595443726
32QAM,20.0,tone,10.0,10,1.0,0.9999999284744263
32QAM,30.0,barrage,-10.0,9,0.6666666666666666,0.5678448213471307
32QAM,30.0,barrage,-5.0,9,1.0,0.985032300154368
32QAM,30.0,barrage,0.0,9,1.0,0.9999968343310885
32QAM,30.0,barrage,5.0,9,1.0,0.9999999337726169
32QAM,30.0,barrage,10.0,9,1.0,1.0
32QAM,30.0,chirp,-10.0,9,0.8888888888888888,0.6588743958208296
32QAM,30.0,chirp,-5.0,9,1.0,0.9875122043821547
32QAM,30.0,chirp,0.0,9,1.0,0.9999933110343086
32QAM,30.0,chirp,5.0,9,1.0,0.9999985032611423
32QAM,30.0,chirp,10.0,9,1.0,0.9999999735090468
32QAM,30.0,tone,-10.0,9,0.6666666666666666,0.6028874516487122
32QAM,30.0,tone,-5.0,9,1.0,0.9912626610861884
32QAM,30.0,tone,0.0,9,1.0,0.9998615980148315
32QAM,30.0,tone,5.0,9,1.0,0.999993536207411
32QAM,30.0,tone,10.0,9,1.0,1.0
4ASK,-20.0,barrage,-10.0,9,0.0,0.06640063226222992
4ASK,-20.0,barrage,-5.0,9,0.1111111111111111,0.30313024255964494
4ASK,-20.0,barrage,0.0,9,1.0,0.990107966793908
4ASK,-20.0,barrage,5.0,9,1.0,0.999996715121799
4ASK,-20.0,barrage,10.0,9,1.0,0.9999999072816637
4ASK,-20.0,chirp,-10.0,9,0.0,0.07497817898790042
4ASK,-20.0,chirp,-5.0,9,0.5555555555555556,0.48241830037699807
4ASK,-20.0,chirp,0.0,9,1.0,0.9515429271592034
4ASK,-20.0,chirp,5.0,9,1.0,0.9999551640616523
4ASK,-20.0,chirp,10.0,9,1.0,0.9999993112352159
4ASK,-20.0,tone,-10.0,9,0.0,0.11412543223963843
4ASK,-20.0,tone,-5.0,9,0.0,0.30790911614894867
4ASK,-20.0,tone,0.0,9,1.0,0.9893857174449496
4ASK,-20.0,tone,5.0,9,1.0,0.9999686810705397
4ASK,-20.0,tone,10.0,9,1.0,0.999998516506619
4ASK,-10.0,barrage,-10.0,10,0.0,0.06084879711270332
4ASK,-10.0,barrage,-5.0,10,0.0,0.25427962839603424
4ASK,-10.0,barrage,0.0,10,1.0,0.9905784010887146
4ASK,-10.0,barrage,5.0,10,1.0,0.9999963998794555
4ASK,-10.0,barrage,10.0,10,1.0,0.9999998927116394
4ASK,-10.0,chirp,-10.0,10,0.0,0.05908519253134727
4ASK,-10.0,chirp,-5.0,10,0.3,0.3973548114299774
4ASK,-10.0,chirp,0.0,10,1.0,0.9639833986759185
4ASK,-10.0,chirp,5.0,10,1.0,0.9999718010425568
4ASK,-10.0,chirp,10.0,10,1.0,0.9999990701675415
4ASK,-10.0,tone,-10.0,10,0.0,0.061015098541975024
4ASK,-10.0,tone,-5.0,10,0.3,0.47573273479938505
4ASK,-10.0,tone,0.0,10,1.0,0.9893607437610626
4ASK,-10.0,tone,5.0,10,1.0,0.9999887228012085
4ASK,-10.0,tone,10.0,10,1.0,0.9999822854995728
4ASK,0.0,barrage,-10.0,9,0.0,0.12581089759866396
4ASK,0.0,barrage,-5.0,9,0.7777777777777778,0.5688028799162971
4ASK,0.0,barrage,0.0,9,1.0,0.9949412279658847
4ASK,0.0,barrage,5.0,9,1.0,0.9999981058968438
4ASK,0.0,barrage,10.0,9,1.0,0.9999999602635702
4ASK,0.0,chirp,-10.0,9,0.0,0.1547351111140516
4ASK,0.0,chirp,-5.0,9,0.8888888888888888,0.6846649183167351
4ASK,0.0,chirp,0.0,9,1.0,0.9925725261370341
4ASK,0.0,chirp,5.0,9,1.0,0.9999880658255683
4ASK,0.0,chirp,10.0,9,1.0,0.9999912844763862
4ASK,0.0,tone,-10.0,9,0.0,0.17115850663847393
4ASK,0.0,tone,-5.0,9,1.0,0.7413682341575623
4ASK,0.0,tone,0.0,9,1.0,0.9871036145422194
4ASK,0.0,tone,5.0,9,1.0,0.9999967548582289
4ASK,0.0,tone,10.0,9,1.0,0.9999991522894965
4ASK,10.0,barrage,-10.0,10,0.0,0.05518080554902553
4ASK,10.0,barrage,-5.0,10,0.1,0.4016122564673424
4ASK,10.0,barrage,0.0,10,1.0,0.9942031383514405
4ASK,10.0,barrage,5.0,10,1.0,0.9999982595443726
4ASK,10.0,barrage,10.0,10,1.0,1.0
4ASK,10.0,chirp,-10.0,10,0.0,0.06832215934991837
4ASK,10.0,chirp,-5.0,10,0.4,0.39380177184939386
4ASK,10.0,chirp,0.0,10,1.0,0.9910874664783478
4ASK,10.0,chirp,5.0,10,1.0,0.9999949693679809
4ASK,10.0,chirp,10.0,10,1.0,0.9999997615814209
4ASK,10.0,tone,-10.0,10,0.0,0.08208766728639602
4ASK,10.0,tone,-5.0,10,0.9,0.6898558616638184
4ASK,10.0,tone,0.0,10,1.0,0.9925934851169587
4ASK,10.0,tone,5.0,10,1.0,0.9999555885791779
4ASK,10.0,tone,10.0,10,1.0,0.9999914407730103
4ASK,20.0,barrage,-10.0,10,0.0,0.07646863237023353
4ASK,20.0,barrage,-5.0,10,0.9,0.5924232468008995
4ASK,20.0,barrage,0.0,10,1.0,0.9971341788768768
4ASK,20.0,barrage,5.0,10,1.0,0.9999988317489624
4ASK,20.0,barrage,10.0,10,1.0,0.9999999880790711
4ASK,20.0,chirp,-10.0,10,0.0,0.1075818508863449
4ASK,20.0,chirp,-5.0,10,0.6,0.5823889076709747
4ASK,20.0,chirp,0.0,10,1.0,0.997795969247818
4ASK,20.0,chirp,5.0,10,1.0,0.9999974608421326
4ASK,20.0,chirp,10.0,10,1.0,0.9999993681907654
4ASK,20.0,tone,-10.0,10,0.0,0.11642594542354345
4ASK,20.0,tone,-5.0,10,0.9,0.7165050357580185
4ASK,20.0,tone,0.0,10,1.0,0.9994488954544067
4ASK,20.0,tone,5.0,10,1.0,0.9999984383583069
4ASK,20.0,tone,10.0,10,1.0,0.9999996066093445
4ASK,30.0,barrage,-10.0,10,0.0,0.08668628372251988
4ASK,30.0,barrage,-5.0,10,0.7,0.5873357862234115
4ASK,30.0,barrage,0.0,10,1.0,0.9963612854480743
4ASK,30.0,barrage,5.0,10,1.0,0.9999990105628968
4ASK,30.0,barrage,10.0,10,1.0,1.0
4ASK,30.0,chirp,-10.0,10,0.0,0.12121749185025692
4ASK,30.0,chirp,-5.0,10,0.8,0.658172094449401
4ASK,30.0,chirp,0.0,10,1.0,0.997993004322052
4ASK,30.0,chirp,5.0,10,1.0,0.9999981045722961
4ASK,30.0,chirp,10.0,10,1.0,0.9999994277954102
4ASK,30.0,tone,-10.0,10,0.0,0.1627441231161356
4ASK,30.0,tone,-5.0,10,0.8,0.7172889888286591
4ASK,30.0,tone,0.0,10,1.0,0.9994741022586823
4ASK,30.0,tone,5.0,10,1.0,0.9999970436096192
4ASK,30.0,tone,10.0,10,1.0,0.9999918818473816
64APSK,-20.0,barrage,-10.0,9,0.0,0.06403787434101105
64APSK,-20.0,barrage,-5.0,9,0.0,0.27164577609962887
64APSK,-20.0,barrage,0.0,9,1.0,0.9908415344026353
64APSK,-20.0,barrage,5.0,9,1.0,0.9999970065222846
64APSK,-20.0,barrage,10.0,9,1.0,0.9999999072816637
64APSK,-20.0,chirp,-10.0,9,0.0,0.08112394726938671
64APSK,-20.0,chirp,-5.0,9,0.3333333333333333,0.3838770671023263
64APSK,-20.0,chirp,0.0,9,1.0,0.9661264022191366
64APSK,-20.0,chirp,5.0,9,1.0,0.9999773369895087
64APSK,-20.0,chirp,10.0,9,1.0,0.9999994701809354
64APSK,-20.0,tone,-10.0,9,0.0,0.10531674159897698
64APSK,-20.0,tone,-5.0,9,0.1111111111111111,0.32705046567651963
64APSK,-20.0,tone,0.0,9,1.0,0.9903606573740641
64APSK,-20.0,tone,5.0,9,1.0,0.9999759859508939
64APSK,-20.0,tone,10.0,9,1.0,0.9999833371904161
64APSK,-10.0,barrage,-10.0,10,0.0,0.06347273364663124
64APSK,-10.0,barrage,-5.0,10,0.0,0.3185831606388092
64APSK,-10.0,barrage,0.0,10,1.0,0.9923298597335816
64APSK,-10.0,barrage,5.0,10,1.0,0.9999970555305481
64APSK,-10.0,barrage,10.0,10,1.0,0.9999999046325684
64APSK,-10.0,chirp,-10.0,10,0.0,0.06458363048732281
64APSK,-10.0,chirp,-5.0,10,0.3,0.3822510540485382
64APSK,-10.0,chirp,0.0,10,1.0,0.9930292189121246
64APSK,-10.0,chirp,5.0,10,1.0,0.9999320030212402
64APSK,-10.0,chirp,10.0,10,1.0,0.9999990940093995
64APSK,-10.0,tone,-10.0,10,0.0,0.07209049127995967
64APSK,-10.0,tone,-5.0,10,0.2,0.46777832210063935
64APSK,-10.0,tone,0.0,10,1.0,0.987507575750351
64APSK,-10.0,tone,5.0,10,1.0,0.9999910593032837
64APSK,-10.0,tone,10.0,10,1.0,0.9999983072280884
64APSK,0.0,barrage,-10.0,9,0.0,0.09748563832706875
64APSK,0.0,barrage,-5.0,9,0.4444444444444444,0.45575592087374794
64APSK,0.0,barrage,0.0,9,1.0,0.9946997695498996
64APSK,0.0,barrage,5.0,9,1.0,0.9999979999330308
64APSK,0.0,barrage,10.0,9,1.0,1.0
64APSK,0.0,chirp,-10.0,9,0.0,0.11091513310869534
64APSK,0.0,chirp,-5.0,9,0.7777777777777778,0.5749949448638492
64APSK,0.0,chirp,0.0,9,1.0,0.9880423479610019
64APSK,0.0,chirp,5.0,9,1.0,0.9999689526028104
64APSK,0.0,chirp,10.0,9,1.0,0.9999997483359443
64APSK,0.0,tone,-10.0,9,0.0,0.10470667398638195
64APSK,0.0,tone,-5.0,9,0.6666666666666666,0.5790842043028938
64APSK,0.0,tone,0.0,9,1.0,0.9972013433774313
64APSK,0.0,tone,5.0,9,1.0,0.9999991920259264
64APSK,0.0,tone,10.0,9,1.0,0.9999987549251981
64APSK,10.0,barrage,-10.0,9,0.0,0.1112704976565308
64APSK,10.0,barrage,-5.0,9,0.7777777777777778,0.6373374528355069
64APSK,10.0,barrage,0.0,9,1.0,0.9972747564315796
64APSK,10.0,barrage,5.0,9,1.0,0.9999988079071045
64APSK,10.0,barrage,10.0,9,1.0,0.9999999602635702
64APSK,10.0,chirp,-10.0,9,0.0,0.1215605963435438
64APSK,10.0,chirp,-5.0,9,0.6666666666666666,0.6668138768937852
64APSK,10.0,chirp,0.0,9,1.0,0.9979601833555434
64APSK,10.0,chirp,5.0,9,1.0,0.999997615814209
64APSK,10.0,chirp,10.0,9,1.0,0.9999987549251981
64APSK,10.0,tone,-10.0,9,0.0,0.14556009363796976
64APSK,10.0,tone,-5.0,9,1.0,0.8463594184981452
64APSK,10.0,tone,0.0,9,1.0,0.9991978539360894
64APSK,10.0,tone,5.0,9,1.0,0.9999995231628418
64APSK,10.0,tone,10.0,9,1.0,0.9999784363640679
64APSK,20.0,barrage,-10.0,9,0.0,0.09332089084717962
64APSK,20.0,barrage,-5.0,9,0.7777777777777778,0.5785584184858534
64APSK,20.0,barrage,0.0,9,1.0,0.9963694214820862
64APSK,20.0,barrage,5.0,9,1.0,0.9999987151887682
64APSK,20.0,barrage,10.0,9,1.0,1.0
64APSK,20.0,chirp,-10.0,9,0.0,0.11864262467457189
64APSK,20.0,chirp,-5.0,9,0.7777777777777778,0.6925180554389954
64APSK,20.0,chirp,0.0,9,1.0,0.9964156150817871
64APSK,20.0,chirp,5.0,9,1.0,0.9999971257315742
64APSK,20.0,chirp,10.0,9,1.0,0.9999994701809354
64APSK,20.0,tone,-10.0,9,0.0,0.14139968995004892
64APSK,20.0,tone,-5.0,9,1.0,0.8169117371241251
64APSK,20.0,tone,0.0,9,1.0,0.998614039685991
64APSK,20.0,tone,5.0,9,1.0,0.9999984237882826
64APSK,20.0,tone,10.0,9,1.0,0.9999894963370429
64APSK,30.0,barrage,-10.0,9,0.0,0.08453722815546724
64APSK,30.0,barrage,-5.0,9,0.5555555555555556,0.49920603301790023
64APSK,30.0,barrage,0.0,9,1.0,0.9919068614641825
64APSK,30.0,barrage,5.0,9,1.0,0.9999979999330308
64APSK,30.0,barrage,10.0,9,1.0,0.9999999867545234
64APSK,30.0,chirp,-10.0,9,0.0,0.13911406675146687
64APSK,30.0,chirp,-5.0,9,0.6666666666666666,0.5805641495519214
64APSK,30.0,chirp,0.0,9,1.0,0.9557179808616638
64APSK,30.0,chirp,5.0,9,1.0,0.9999976025687324
64APSK,30.0,chirp,10.0,9,1.0,0.9999997085995145
64APSK,30.0,tone,-10.0,9,0.0,0.08993430477049616
64APSK,30.0,tone,-5.0,9,1.0,0.7606941196653578
64APSK,30.0,tone,0.0,9,1.0,0.9983212550481161
64APSK,30.0,tone,5.0,9,1.0,0.9999983310699463
64APSK,30.0,tone,10.0,9,1.0,0.9999788867102729
64QAM,-20.0,barrage,-10.0,10,0.0,0.07873659543693065
64QAM,-20.0,barrage,-5.0,10,0.0,0.35786845088005065
64QAM,-20.0,barrage,0.0,10,1.0,0.9940281093120575
64QAM,-20.0,barrage,5.0,10,1.0,0.9999966740608215
64QAM,-20.0,barrage,10.0,10,1.0,0.9999998927116394
64QAM,-20.0,chirp,-10.0,10,0.0,0.0875264722853899
64QAM,-20.0,chirp,-5.0,10,0.3,0.445729723572731
64QAM,-20.0,chirp,0.0,10,1.0,0.9811690866947174
64QAM,-20.0,chirp,5.0,10,1.0,0.9999850511550903
64QAM,-20.0,chirp,10.0,10,1.0,0.9999990701675415
64QAM,-20.0,tone,-10.0,10,0.0,0.08842954859137535
64QAM,-20.0,tone,-5.0,10,0.3,0.4655208557844162
64QAM,-20.0,tone,0.0,10,1.0,0.9880606174468994
64QAM,-20.0,tone,5.0,10,1.0,0.9999923586845398
64QAM,-20.0,tone,10.0,10,1.0,0.9999988913536072
64QAM,-10.0,barrage,-10.0,10,0.0,0.059804539754986764
64QAM,-10.0,barrage,-5.0,10,0.1,0.26634652465581893
64QAM,-10.0,barrage,0.0,10,1.0,0.9899905145168304
64QAM,-10.0,barrage,5.0,10,1.0,0.9999971747398376
64QAM,-10.0,barrage,10.0,10,1.0,0.9999998927116394
64QAM,-10.0,chirp,-10.0,10,0.0,0.0623798742890358
64QAM,-10.0,chirp,-5.0,10,0.3,0.38904680758714677
64QAM,-10.0,chirp,0.0,10,1.0,0.9254184484481811
64QAM,-10.0,chirp,5.0,10,1.0,0.9999901175498962
64QAM,-10.0,chirp,10.0,10,1.0,0.9999982714653015
64QAM,-10.0,tone,-10.0,10,0.0,0.058708999678492545
64QAM,-10.0,tone,-5.0,10,0.2,0.37521410882472994
64QAM,-10.0,tone,0.0,10,1.0,0.9868738949298859
64QAM,-10.0,tone,5.0,10,1.0,0.9999921441078186
64QAM,-10.0,tone,10.0,10,1.0,0.9999980568885803
64QAM,0.0,barrage,-10.0,9,0.0,0.1600515130493376
64QAM,0.0,barrage,-5.0,9,0.8888888888888888,0.7451160218980577
64QAM,0.0,barrage,0.0,9,1.0,0.9998105631934272
64QAM,0.0,barrage,5.0,9,1.0,0.9999994701809354
64QAM,0.0,barrage,10.0,9,1.0,0.9999999867545234
64QAM,0.0,chirp,-10.0,9,0.0,0.1939846103390058
64QAM,0.0,chirp,-5.0,9,0.8888888888888888,0.7678282327122159
64QAM,0.0,chirp,0.0,9,1.0,0.9996547169155545
64QAM,0.0,chirp,5.0,9,1.0,0.9999975363413492
64QAM,0.0,chirp,10.0,9,1.0,0.9999995628992716
64QAM,0.0,tone,-10.0,9,0.1111111111111111,0.23279300166500938
64QAM,0.0,tone,-5.0,9,1.0,0.7430806689792209
64QAM,0.0,tone,0.0,9,1.0,0.9996177222993639
64QAM,0.0,tone,5.0,9,1.0,0.9999931785795424
64QAM,0.0,tone,10.0,9,1.0,0.9999997880723741
64QAM,10.0,barrage,-10.0,10,0.6,0.5739328622817993
64QAM,10.0,barrage,-5.0,10,1.0,0.9986267149448395
64QAM,10.0,barrage,0.0,10,1.0,0.9999965310096741
64QAM,10.0,barrage,5.0,10,1.0,0.9999999880790711
64QAM,10.0,barrage,10.0,10,1.0,1.0
64QAM,10.0,chirp,-10.0,10,0.5,0.5691793415695429
64QAM,10.0,chirp,-5.0,10,1.0,0.9987839102745056
64QAM,10.0,chirp,0.0,10,1.0,0.9999892115592957
64QAM,10.0,chirp,5.0,10,1.0,1.0
64QAM,10.0,chirp,10.0,10,1.0,1.0
64QAM,10.0,tone,-10.0,10,0.4,0.45719490218907594
64QAM,10.0,tone,-5.0,10,1.0,0.9968083679676056
64QAM,10.0,tone,0.0,10,1.0,0.9999626338481903
64QAM,10.0,tone,5.0,10,1.0,0.9999999284744263
64QAM,10.0,tone,10.0,10,1.0,1.0
64QAM,20.0,barrage,-10.0,10,0.9,0.8996248215436935
64QAM,20.0,barrage,-5.0,10,1.0,0.9999358355998993
64QAM,20.0,barrage,0.0,10,1.0,0.9999999761581421
64QAM,20.0,barrage,5.0,10,1.0,1.0
64QAM,20.0,barrage,10.0,10,1.0,1.0
64QAM,20.0,chirp,-10.0,10,0.8,0.8332276970148087
64QAM,20.0,chirp,-5.0,10,1.0,0.9999385356903077
64QAM,20.0,chirp,0.0,10,1.0,0.9999997735023498
64QAM,20.0,chirp,5.0,10,1.0,1.0
64QAM,20.0,chirp,10.0,10,1.0,1.0
64QAM,20.0,tone,-10.0,10,0.9,0.847698549926281
64QAM,20.0,tone,-5.0,10,1.0,0.9998282134532929
64QAM,20.0,tone,0.0,10,1.0,0.9999999165534973
64QAM,20.0,tone,5.0,10,1.0,1.0
64QAM,20.0,tone,10.0,10,1.0,1.0
64QAM,30.0,barrage,-10.0,9,0.6666666666666666,0.6649576938814588
64QAM,30.0,barrage,-5.0,9,1.0,0.9994622998767428
64QAM,30.0,barrage,0.0,9,1.0,0.9999992714987861
64QAM,30.0,barrage,5.0,9,1.0,1.0
64QAM,30.0,barrage,10.0,9,1.0,1.0
64QAM,30.0,chirp,-10.0,9,0.5555555555555556,0.6242833766672347
64QAM,30.0,chirp,-5.0,9,1.0,0.9995736082394918
64QAM,30.0,chirp,0.0,9,1.0,0.9999985562430488
64QAM,30.0,chirp,5.0,9,1.0,1.0
64QAM,30.0,chirp,10.0,9,1.0,1.0
64QAM,30.0,tone,-10.0,9,0.6666666666666666,0.7011142124732336
64QAM,30.0,tone,-5.0,9,1.0,0.9807595544391208
64QAM,30.0,tone,0.0,9,1.0,0.9999802377488878
64QAM,30.0,tone,5.0,9,1.0,0.9999999470180936
64QAM,30.0,tone,10.0,9,1.0,1.0
8ASK,-20.0,barrage,-10.0,10,0.0,0.06960217505693436
8ASK,-20.0,barrage,-5.0,10,0.1,0.3652090564370155
8ASK,-20.0,barrage,0.0,10,1.0,0.9917313277721405
8ASK,-20.0,barrage,5.0,10,1.0,0.9999974846839905
8ASK,-20.0,barrage,10.0,10,1.0,0.9999999284744263
8ASK,-20.0,chirp,-10.0,10,0.0,0.08173576518893241
8ASK,-20.0,chirp,-5.0,10,0.7,0.5529596671462059
8ASK,-20.0,chirp,0.0,10,1.0,0.9901157319545746
8ASK,-20.0,chirp,5.0,10,1.0,0.9999601066112518
8ASK,-20.0,chirp,10.0,10,1.0,0.9999969959259033
8ASK,-20.0,tone,-10.0,10,0.0,0.08554622530937195
8ASK,-20.0,tone,-5.0,10,0.3,0.47315205037593844
8ASK,-20.0,tone,0.0,10,1.0,0.9865081608295441
8ASK,-20.0,tone,5.0,10,1.0,0.999974125623703
8ASK,-20.0,tone,10.0,10,1.0,0.9999989032745361
8ASK,-10.0,barrage,-10.0,9,0.0,0.06316532691319783
8ASK,-10.0,barrage,-5.0,9,0.0,0.23638961050245497
8ASK,-10.0,barrage,0.0,9,1.0,0.9893677035967509
8ASK,-10.0,barrage,5.0,9,1.0,0.999996026357015
8ASK,-10.0,barrage,10.0,9,1.0,0.9999999072816637
8ASK,-10.0,chirp,-10.0,9,0.0,0.05971608435114225
8ASK,-10.0,chirp,-5.0,9,0.0,0.31908978356255424
8ASK,-10.0,chirp,0.0,9,1.0,0.9794814520412021
8ASK,-10.0,chirp,5.0,9,1.0,0.9999630053838094
8ASK,-10.0,chirp,10.0,9,1.0,0.9999993509716458
8ASK,-10.0,tone,-10.0,9,0.0,0.06213294549120797
8ASK,-10.0,tone,-5.0,9,0.2222222222222222,0.43699535065227085
8ASK,-10.0,tone,0.0,9,1.0,0.9593100878927443
8ASK,-10.0,tone,5.0,9,1.0,0.999951700369517
8ASK,-10.0,tone,10.0,9,1.0,0.9999991390440199
8ASK,0.0,barrage,-10.0,9,0.0,0.12370300706889895
8ASK,0.0,barrage,-5.0,9,0.5555555555555556,0.5139363639884524
8ASK,0.0,barrage,0.0,9,1.0,0.9953832825024923
8ASK,0.0,barrage,5.0,9,1.0,0.9999977085325453
8ASK,0.0,barrage,10.0,9,1.0,0.9999999602635702
8ASK,0.0,chirp,-10.0,9,0.0,0.13513925506008995
8ASK,0.0,chirp,-5.0,9,0.8888888888888888,0.6425975693596734
8ASK,0.0,chirp,0.0,9,1.0,0.9960311849912008
8ASK,0.0,chirp,5.0,9,1.0,0.9998466504944695
8ASK,0.0,chirp,10.0,9,1.0,0.9999990860621134
8ASK,0.0,tone,-10.0,9,0.0,0.1337614374028312
8ASK,0.0,tone,-5.0,9,0.6666666666666666,0.6460034781032138
8ASK,0.0,tone,0.0,9,1.0,0.9950338337156508
8ASK,0.0,tone,5.0,9,1.0,0.9999977747599283
8ASK,0.0,tone,10.0,9,1.0,0.9999990595711602
8ASK,10.0,barrage,-10.0,10,0.0,0.12666820362210274
8ASK,10.0,barrage,-5.0,10,0.9,0.6925806343555451
8ASK,10.0,barrage,0.0,10,1.0,0.9972201764583588
8ASK,10.0,barrage,5.0,10,1.0,0.9999988675117493
8ASK,10.0,barrage,10.0,10,1.0,0.9999999880790711
8ASK,10.0,chirp,-10.0,10,0.0,0.1501600995659828
8ASK,10.0,chirp,-5.0,10,0.9,0.7501679979264736
8ASK,10.0,chirp,0.0,10,1.0,0.9993523418903351
8ASK,10.0,chirp,5.0,10,1.0,0.9999975681304931
8ASK,10.0,chirp,10.0,10,1.0,0.9999995827674866
8ASK,10.0,tone,-10.0,10,0.0,0.2335447385907173
8ASK,10.0,tone,-5.0,10,0.9,0.8194865413010121
8ASK,10.0,tone,0.0,10,1.0,0.9920603096485138
8ASK,10.0,tone,5.0,10,1.0,0.9999983787536622
8ASK,10.0,tone,10.0,10,1.0,0.9999992847442627
8ASK,20.0,barrage,-10.0,10,0.0,0.12339376658201218
8ASK,20.0,barrage,-5.0,10,0.8,0.6575875759124756
8ASK,20.0,barrage,0.0,10,1.0,0.9979776501655578
8ASK,20.0,barrage,5.0,10,1.0,0.999998939037323
8ASK,20.0,barrage,10.0,10,1.0,1.0
8ASK,20.0,chirp,-10.0,10,0.0,0.1277602382004261
8ASK,20.0,chirp,-5.0,10,1.0,0.8249973773956298
8ASK,20.0,chirp,0.0,10,1.0,0.998464184999466
8ASK,20.0,chirp,5.0,10,1.0,0.9999989628791809
8ASK,20.0,chirp,10.0,10,1.0,0.9999995470046997
8ASK,20.0,tone,-10.0,10,0.0,0.1700669750571251
8ASK,20.0,tone,-5.0,10,0.9,0.7516405805945396
8ASK,20.0,tone,0.0,10,1.0,0.9992302119731903
8ASK,20.0,tone,5.0,10,1.0,0.9999961137771607
8ASK,20.0,tone,10.0,10,1.0,0.9999952912330627
8ASK,30.0,barrage,-10.0,9,0.0,0.1315228541692098
8ASK,30.0,barrage,-5.0,9,1.0,0.6931672626071506
8ASK,30.0,barrage,0.0,9,1.0,0.9980923533439636
8ASK,30.0,barrage,5.0,9,1.0,0.9999988873799642
8ASK,30.0,barrage,10.0,9,1.0,0.9999999867545234
8ASK,30.0,chirp,-10.0,9,0.0,0.14750881493091583
8ASK,30.0,chirp,-5.0,9,1.0,0.8084769778781467
8ASK,30.0,chirp,0.0,9,1.0,0.9991486933496263
8ASK,30.0,chirp,5.0,9,1.0,0.9999990198347304
8ASK,30.0,chirp,10.0,9,1.0,0.9999997483359443
8ASK,30.0,tone,-10.0,9,0.0,0.20965953088468975
8ASK,30.0,tone,-5.0,9,1.0,0.8160810073216757
8ASK,30.0,tone,0.0,9,1.0,0.9995482299062941
8ASK,30.0,tone,5.0,9,1.0,0.9999974966049194
8ASK,30.0,tone,10.0,9,1.0,0.999990185101827
8PSK,-20.0,barrage,-10.0,10,0.0,0.06011620759963989
8PSK,-20.0,barrage,-5.0,10,0.0,0.32631744146347047
8PSK,-20.0,barrage,0.0,10,1.0,0.9924716651439667
8PSK,-20.0,barrage,5.0,10,1.0,0.9999972820281983
8PSK,-20.0,barrage,10.0,10,1.0,0.9999998927116394
8PSK,-20.0,chirp,-10.0,10,0.0,0.06380661241710187
8PSK,-20.0,chirp,-5.0,10,0.2,0.3690557613968849
8PSK,-20.0,chirp,0.0,10,1.0,0.9972723424434662
8PSK,-20.0,chirp,5.0,10,1.0,0.9999945402145386
8PSK,-20.0,chirp,10.0,10,1.0,0.999999213218689
8PSK,-20.0,tone,-10.0,10,0.0,0.07333008944988251
8PSK,-20.0,tone,-5.0,10,0.3,0.4533106118440628
8PSK,-20.0,tone,0.0,10,1.0,0.9887007713317871
8PSK,-20.0,tone,5.0,10,1.0,0.9999545454978943
8PSK,-20.0,tone,10.0,10,1.0,0.999998939037323
8PSK,-10.0,barrage,-10.0,10,0.0,0.06281133517622947
8PSK,-10.0,barrage,-5.0,10,0.0,0.28447903841733935
8PSK,-10.0,barrage,0.0,10,1.0,0.9889164865016937
8PSK,-10.0,barrage,5.0,10,1.0,0.9999967813491821
8PSK,-10.0,barrage,10.0,10,1.0,0.9999999165534973
8PSK,-10.0,chirp,-10.0,10,0.0,0.07103948593139649
8PSK,-10.0,chirp,-5.0,10,0.3,0.3753173530101776
8PSK,-10.0,chirp,0.0,10,1.0,0.9730427026748657
8PSK,-10.0,chirp,5.0,10,1.0,0.9999853372573853
8PSK,-10.0,chirp,10.0,10,1.0,0.9999987125396729
8PSK,-10.0,tone,-10.0,10,0.0,0.062055063992738725
8PSK,-10.0,tone,-5.0,10,0.1,0.35342864543199537
8PSK,-10.0,tone,0.0,10,1.0,0.9711968243122101
8PSK,-10.0,tone,5.0,10,1.0,0.9999836206436157
8PSK,-10.0,tone,10.0,10,1.0,0.9999979138374329
8PSK,0.0,barrage,-10.0,9,0.0,0.10552420218785603
8PSK,0.0,barrage,-5.0,9,0.3333333333333333,0.44228026270866394
8PSK,0.0,barrage,0.0,9,1.0,0.9932838545905219
8PSK,0.0,barrage,5.0,9,1.0,0.9999979734420776
8PSK,0.0,barrage,10.0,9,1.0,0.9999999735090468
8PSK,0.0,chirp,-10.0,9,0.0,0.12111137890153462
8PSK,0.0,chirp,-5.0,9,0.4444444444444444,0.4710681372218662
8PSK,0.0,chirp,0.0,9,1.0,0.9961769117249383
8PSK,0.0,chirp,5.0,9,1.0,0.9999886751174927
8PSK,0.0,chirp,10.0,9,1.0,0.9999989800983005
8PSK,0.0,tone,-10.0,9,0.0,0.13690121637450325
8PSK,0.0,tone,-5.0,9,0.8888888888888888,0.6285199258062575
8PSK,0.0,tone,0.0,9,1.0,0.9918796022733053
8PSK,0.0,tone,5.0,9,1.0,0.9999777211083306
8PSK,0.0,tone,10.0,9,1.0,0.9999989403618706
8PSK,10.0,barrage,-10.0,10,0.0,0.05106324590742588
8PSK,10.0,barrage,-5.0,10,0.4,0.4418537348508835
8PSK,10.0,barrage,0.0,10,1.0,0.9930305778980255
8PSK,10.0,barrage,5.0,10,1.0,0.9999982595443726
8PSK,10.0,barrage,10.0,10,1.0,0.9999999880790711
8PSK,10.0,chirp,-10.0,10,0.0,0.05613869354128838
8PSK,10.0,chirp,-5.0,10,0.5,0.5447522886097431
8PSK,10.0,chirp,0.0,10,1.0,0.990263968706131
8PSK,10.0,chirp,5.0,10,1.0,0.9999917626380921
8PSK,10.0,chirp,10.0,10,1.0,0.9999995827674866
8PSK,10.0,tone,-10.0,10,0.0,0.06447135489434004
8PSK,10.0,tone,-5.0,10,0.8,0.6662607818841935
8PSK,10.0,tone,0.0,10,1.0,0.9982157111167907
8PSK,10.0,tone,5.0,10,1.0,0.9999946475028991
8PSK,10.0,tone,10.0,10,1.0,0.9999996662139893
8PSK,20.0,barrage,-10.0,10,0.0,0.06930961757898331
8PSK,20.0,barrage,-5.0,10,0.6,0.5440066933631897
8PSK,20.0,barrage,0.0,10,1.0,0.9959730386734009
8PSK,20.0,barrage,5.0,10,1.0,0.9999986052513122
8PSK,20.0,barrage,10.0,10,1.0,1.0
8PSK,20.0,chirp,-10.0,10,0.0,0.08939659669995308
8PSK,20.0,chirp,-5.0,10,0.8,0.6132698252797126
8PSK,20.0,chirp,0.0,10,1.0,0.9943377196788787
8PSK,20.0,chirp,5.0,10,1.0,0.9999958038330078
8PSK,20.0,chirp,10.0,10,1.0,0.9999995350837707
8PSK,20.0,tone,-10.0,10,0.0,0.10166123583912849
8PSK,20.0,tone,-5.0,10,0.9,0.7054149955511093
8PSK,20.0,tone,0.0,10,1.0,0.9939342975616455
8PSK,20.0,tone,5.0,10,1.0,0.9999987721443176
8PSK,20.0,tone,10.0,10,1.0,0.9999977707862854
8PSK,30.0,barrage,-10.0,10,0.0,0.10882229954004288
8PSK,30.0,barrage,-5.0,10,0.8,0.6076193243265152
8PSK,30.0,barrage,0.0,10,1.0,0.9964428663253784
8PSK,30.0,barrage,5.0,10,1.0,0.9999987959861756
8PSK,30.0,barrage,10.0,10,1.0,1.0
8PSK,30.0,chirp,-10.0,10,0.0,0.09540083575993777
8PSK,30.0,chirp,-5.0,10,0.8,0.6706991314888
8PSK,30.0,chirp,0.0,10,1.0,0.9991944551467895
8PSK,30.0,chirp,5.0,10,1.0,0.9999862670898437
8PSK,30.0,chirp,10.0,10,1.0,0.9999966025352478
8PSK,30.0,tone,-10.0,10,0.0,0.13704199939966202
8PSK,30.0,tone,-5.0,10,1.0,0.8483929991722107
8PSK,30.0,tone,0.0,10,1.0,0.9993986904621124
8PSK,30.0,tone,5.0,10,1.0,0.9999987840652466
8PSK,30.0,tone,10.0,10,1.0,0.9999681949615479
AM-DSB-SC,-20.0,barrage,-10.0,9,0.0,0.06542618076006572
AM-DSB-SC,-20.0,barrage,-5.0,9,0.0,0.2780808135867119
AM-DSB-SC,-20.0,barrage,0.0,9,1.0,0.9921614726384481
AM-DSB-SC,-20.0,barrage,5.0,9,1.0,0.9999963839848837
AM-DSB-SC,-20.0,barrage,10.0,9,1.0,0.9999999072816637
AM-DSB-SC,-20.0,chirp,-10.0,9,0.0,0.0741364053554005
AM-DSB-SC,-20.0,chirp,-5.0,9,0.3333333333333333,0.420261949300766
AM-DSB-SC,-20.0,chirp,0.0,9,1.0,0.9869860609372457
AM-DSB-SC,-20.0,chirp,5.0,9,1.0,0.9999858140945435
AM-DSB-SC,-20.0,chirp,10.0,9,1.0,0.9999968343310885
AM-DSB-SC,-20.0,tone,-10.0,9,0.0,0.08486110799842411
AM-DSB-SC,-20.0,tone,-5.0,9,0.2222222222222222,0.42750581436687046
AM-DSB-SC,-20.0,tone,0.0,9,1.0,0.9877665705151029
AM-DSB-SC,-20.0,tone,5.0,9,1.0,0.9999879863527086
AM-DSB-SC,-20.0,tone,10.0,9,1.0,0.9999814165963067
AM-DSB-SC,-10.0,barrage,-10.0,9,0.0,0.072936343236102
AM-DSB-SC,-10.0,barrage,-5.0,9,0.0,0.37933093640539384
AM-DSB-SC,-10.0,barrage,0.0,9,1.0,0.9925342069731818
AM-DSB-SC,-10.0,barrage,5.0,9,1.0,0.9999965031941732
AM-DSB-SC,-10.0,barrage,10.0,9,1.0,0.999999894036187
AM-DSB-SC,-10.0,chirp,-10.0,9,0.0,0.0658992048766878
AM-DSB-SC,-10.0,chirp,-5.0,9,0.1111111111111111,0.33476784576972324
AM-DSB-SC,-10.0,chirp,0.0,9,1.0,0.9389220277468363
AM-DSB-SC,-10.0,chirp,5.0,9,1.0,0.9999596542782254
AM-DSB-SC,-10.0,chirp,10.0,9,1.0,0.9999991655349731
AM-DSB-SC,-10.0,tone,-10.0,9,0.0,0.08859611799319585
AM-DSB-SC,-10.0,tone,-5.0,9,0.0,0.3091888295279609
AM-DSB-SC,-10.0,tone,0.0,9,1.0,0.9822806517283121
AM-DSB-SC,-10.0,tone,5.0,9,1.0,0.9999895758099027
AM-DSB-SC,-10.0,tone,10.0,9,1.0,0.9999983045789931
AM-DSB-SC,0.0,barrage,-10.0,10,0.0,0.10285839959979057
AM-DSB-SC,0.0,barrage,-5.0,10,0.5,0.5093339562416077
AM-DSB-SC,0.0,barrage,0.0,10,1.0,0.9949656009674073
AM-DSB-SC,0.0,barrage,5.0,10,1.0,0.9999979734420776
AM-DSB-SC,0.0,barrage,10.0,10,1.0,0.9999999761581421
AM-DSB-SC,0.0,chirp,-10.0,10,0.0,0.12347302734851837
AM-DSB-SC,0.0,chirp,-5.0,10,0.6,0.550266781449318
AM-DSB-SC,0.0,chirp,0.0,10,1.0,0.986278748512268
AM-DSB-SC,0.0,chirp,5.0,10,1.0,0.9999898791313171
AM-DSB-SC,0.0,chirp,10.0,10,1.0,0.9999994754791259
AM-DSB-SC,0.0,tone,-10.0,10,0.0,0.1488528847694397
AM-DSB-SC,0.0,tone,-5.0,10,0.7,0.652528640627861
AM-DSB-SC,0.0,tone,0.0,10,1.0,0.9923104166984558
AM-DSB-SC,0.0,tone,5.0,10,1.0,0.999989676475525
AM-DSB-SC,0.0,tone,10.0,10,1.0,0.9999990105628968
AM-DSB-SC,10.0,barrage,-10.0,10,0.0,0.07401145808398724
AM-DSB-SC,10.0,barrage,-5.0,10,0.6,0.5410975724458694
AM-DSB-SC,10.0,barrage,0.0,10,1.0,0.9962115228176117
AM-DSB-SC,10.0,barrage,5.0,10,1.0,0.9999988436698913
AM-DSB-SC,10.0,barrage,10.0,10,1.0,0.9999999880790711
AM-DSB-SC,10.0,chirp,-10.0,10,0.0,0.07240616250783205
AM-DSB-SC,10.0,chirp,-5.0,10,0.6,0.49604478627443316
AM-DSB-SC,10.0,chirp,0.0,10,1.0,0.9974088311195374
AM-DSB-SC,10.0,chirp,5.0,10,1.0,0.9998444676399231
AM-DSB-SC,10.0,chirp,10.0,10,1.0,0.9999994993209839
AM-DSB-SC,10.0,tone,-10.0,10,0.0,0.12205375768244267
AM-DSB-SC,10.0,tone,-5.0,10,1.0,0.8202488720417023
AM-DSB-SC,10.0,tone,0.0,10,1.0,0.9984622538089752
AM-DSB-SC,10.0,tone,5.0,10,1.0,0.999993371963501
AM-DSB-SC,10.0,tone,10.0,10,1.0,0.9999939322471618
AM-DSB-SC,20.0,barrage,-10.0,10,0.0,0.07942592650651932
AM-DSB-SC,20.0,barrage,-5.0,10,0.5,0.528935295343399
AM-DSB-SC,20.0,barrage,0.0,10,1.0,0.9963085293769837
AM-DSB-SC,20.0,barrage,5.0,10,1.0,0.9999989151954651
AM-DSB-SC,20.0,barrage,10.0,10,1.0,0.9999999880790711
AM-DSB-SC,20.0,chirp,-10.0,10,0.0,0.08525157552212477
AM-DSB-SC,20.0,chirp,-5.0,10,0.6,0.6415622025728226
AM-DSB-SC,20.0,chirp,0.0,10,1.0,0.9978854358196259
AM-DSB-SC,20.0,chirp,5.0,10,1.0,0.9999991059303284
AM-DSB-SC,20.0,chirp,10.0,10,1.0,0.9999995470046997
AM-DSB-SC,20.0,tone,-10.0,10,0.0,0.09359019510447979
AM-DSB-SC,20.0,tone,-5.0,10,0.9,0.7509255282580852
AM-DSB-SC,20.0,tone,0.0,10,1.0,0.9987896740436554
AM-DSB-SC,20.0,tone,5.0,10,1.0,0.9999851226806641
AM-DSB-SC,20.0,tone,10.0,10,1.0,0.9999969124794006
AM-DSB-SC,30.0,barrage,-10.0,9,0.0,0.09209769260552195
AM-DSB-SC,30.0,barrage,-5.0,9,0.7777777777777778,0.6009734438525306
AM-DSB-SC,30.0,barrage,0.0,9,1.0,0.9965714414914449
AM-DSB-SC,30.0,barrage,5.0,9,1.0,0.9999989668528239
AM-DSB-SC,30.0,barrage,10.0,9,1.0,0.9999999867545234
AM-DSB-SC,30.0,chirp,-10.0,9,0.0,0.14613413996994495
AM-DSB-SC,30.0,chirp,-5.0,9,0.7777777777777778,0.6760455071926117
AM-DSB-SC,30.0,chirp,0.0,9,1.0,0.9967551032702128
AM-DSB-SC,30.0,chirp,5.0,9,1.0,0.999996026357015
AM-DSB-SC,30.0,chirp,10.0,9,1.0,0.9999995893902249
AM-DSB-SC,30.0,tone,-10.0,9,0.0,0.15278474738200506
AM-DSB-SC,30.0,tone,-5.0,9,0.7777777777777778,0.7049308121204376
AM-DSB-SC,30.0,tone,0.0,9,1.0,0.9934322900242276
AM-DSB-SC,30.0,tone,5.0,9,1.0,0.9999981721242269
AM-DSB-SC,30.0,tone,10.0,9,1.0,0.999999549653795
AM-DSB-WC,-20.0,barrage,-10.0,10,0.0,0.05880623646080494
AM-DSB-WC,-20.0,barrage,-5.0,10,0.0,0.2907031774520874
AM-DSB-WC,-20.0,barrage,0.0,10,1.0,0.9884087681770325
AM-DSB-WC,-20.0,barrage,5.0,10,1.0,0.9999967217445374
AM-DSB-WC,-20.0,barrage,10.0,10,1.0,0.9999998927116394
AM-DSB-WC,-20.0,chirp,-10.0,10,0.0,0.0658349372446537
AM-DSB-WC,-20.0,chirp,-5.0,10,0.2,0.35642184391617776
AM-DSB-WC,-20.0,chirp,0.0,10,1.0,0.982540076971054
AM-DSB-WC,-20.0,chirp,5.0,10,1.0,0.999966961145401
AM-DSB-WC,-20.0,chirp,10.0,10,1.0,0.9999984860420227
AM-DSB-WC,-20.0,tone,-10.0,10,0.0,0.06347287856042386
AM-DSB-WC,-20.0,tone,-5.0,10,0.2,0.40043105483055114
AM-DSB-WC,-20.0,tone,0.0,10,1.0,0.9869067192077636
AM-DSB-WC,-20.0,tone,5.0,10,1.0,0.9999715566635132
AM-DSB-WC,-20.0,tone,10.0,10,1.0,0.9999994516372681
AM-DSB-WC,-10.0,barrage,-10.0,10,0.0,0.060397228226065636
AM-DSB-WC,-10.0,barrage,-5.0,10,0.0,0.2906493455171585
AM-DSB-WC,-10.0,barrage,0.0,10,1.0,0.991492611169815
AM-DSB-WC,-10.0,barrage,5.0,10,1.0,0.9999964714050293
AM-DSB-WC,-10.0,barrage,10.0,10,1.0,0.9999999403953552
AM-DSB-WC,-10.0,chirp,-10.0,10,0.0,0.06573274992406368
AM-DSB-WC,-10.0,chirp,-5.0,10,0.1,0.3043654732406139
AM-DSB-WC,-10.0,chirp,0.0,10,1.0,0.9389638483524323
AM-DSB-WC,-10.0,chirp,5.0,10,1.0,0.9999129593372345
AM-DSB-WC,-10.0,chirp,10.0,10,1.0,0.9999986886978149
AM-DSB-WC,-10.0,tone,-10.0,10,0.0,0.07491734363138676
AM-DSB-WC,-10.0,tone,-5.0,10,0.3,0.389749114215374
AM-DSB-WC,-10.0,tone,0.0,10,1.0,0.963539057970047
AM-DSB-WC,-10.0,tone,5.0,10,1.0,0.9999644041061402
AM-DSB-WC,-10.0,tone,10.0,10,1.0,0.9999982476234436
AM-DSB-WC,0.0,barrage,-10.0,10,0.0,0.14432150200009347
AM-DSB-WC,0.0,barrage,-5.0,10,0.8,0.640611931681633
AM-DSB-WC,0.0,barrage,0.0,10,1.0,0.9977425932884216
AM-DSB-WC,0.0,barrage,5.0,10,1.0,0.9999987840652466
AM-DSB-WC,0.0,barrage,10.0,10,1.0,1.0
AM-DSB-WC,0.0,chirp,-10.0,10,0.0,0.18237424716353418
AM-DSB-WC,0.0,chirp,-5.0,10,0.9,0.7167256265878678
AM-DSB-WC,0.0,chirp,0.0,10,1.0,0.9965254187583923
AM-DSB-WC,0.0,chirp,5.0,10,1.0,0.9999980926513672
AM-DSB-WC,0.0,chirp,10.0,10,1.0,0.999999725818634
AM-DSB-WC,0.0,tone,-10.0,10,0.0,0.16172249913215636
AM-DSB-WC,0.0,tone,-5.0,10,1.0,0.7565218567848205
AM-DSB-WC,0.0,tone,0.0,10,1.0,0.9990771055221558
AM-DSB-WC,0.0,tone,5.0,10,1.0,0.9999981999397278
AM-DSB-WC,0.0,tone,10.0,10,1.0,0.9999970436096192
AM-DSB-WC,10.0,barrage,-10.0,10,0.0,0.1389542520046234
AM-DSB-WC,10.0,barrage,-5.0,10,1.0,0.7995879173278808
AM-DSB-WC,10.0,barrage,0.0,10,1.0,0.9989500939846039
AM-DSB-WC,10.0,barrage,5.0,10,1.0,0.9999995112419129
AM-DSB-WC,10.0,barrage,10.0,10,1.0,1.0
AM-DSB-WC,10.0,chirp,-10.0,10,0.0,0.12706570886075497
AM-DSB-WC,10.0,chirp,-5.0,10,0.9,0.8817315459251404
AM-DSB-WC,10.0,chirp,0.0,10,1.0,0.9995259702205658
AM-DSB-WC,10.0,chirp,5.0,10,1.0,0.9999940156936645
AM-DSB-WC,10.0,chirp,10.0,10,1.0,0.9999997019767761
AM-DSB-WC,10.0,tone,-10.0,10,0.0,0.18774052932858468
AM-DSB-WC,10.0,tone,-5.0,10,0.9,0.8451844837516547
AM-DSB-WC,10.0,tone,0.0,10,1.0,0.9985057532787323
AM-DSB-WC,10.0,tone,5.0,10,1.0,0.9999978423118592
AM-DSB-WC,10.0,tone,10.0,10,1.0,0.9999995112419129
AM-DSB-WC,20.0,barrage,-10.0,10,0.0,0.1166968010365963
AM-DSB-WC,20.0,barrage,-5.0,10,1.0,0.7561664819717407
AM-DSB-WC,20.0,barrage,0.0,10,1.0,0.9987202703952789
AM-DSB-WC,20.0,barrage,5.0,10,1.0,0.9999994039535522
AM-DSB-WC,20.0,barrage,10.0,10,1.0,1.0
AM-DSB-WC,20.0,chirp,-10.0,10,0.0,0.1524369243532419
AM-DSB-WC,20.0,chirp,-5.0,10,0.7,0.6169423446059227
AM-DSB-WC,20.0,chirp,0.0,10,1.0,0.9995666384696961
AM-DSB-WC,20.0,chirp,5.0,10,1.0,0.9999983072280884
AM-DSB-WC,20.0,chirp,10.0,10,1.0,0.9999966382980346
AM-DSB-WC,20.0,tone,-10.0,10,0.0,0.15802729427814483
AM-DSB-WC,20.0,tone,-5.0,10,0.9,0.8589798510074615
AM-DSB-WC,20.0,tone,0.0,10,1.0,0.9998358607292175
AM-DSB-WC,20.0,tone,5.0,10,1.0,0.9999995946884155
AM-DSB-WC,20.0,tone,10.0,10,1.0,0.9999995946884155
AM-DSB-WC,30.0,barrage,-10.0,10,0.0,0.1438579700887203
AM-DSB-WC,30.0,barrage,-5.0,10,1.0,0.7731055319309235
AM-DSB-WC,30.0,barrage,0.0,10,1.0,0.9989266991615295
AM-DSB-WC,30.0,barrage,5.0,10,1.0,0.9999993681907654
AM-DSB-WC,30.0,barrage,10.0,10,1.0,1.0
AM-DSB-WC,30.0,chirp,-10.0,10,0.0,0.24192939698696136
AM-DSB-WC,30.0,chirp,-5.0,10,0.8,0.7507651463150978
AM-DSB-WC,30.0,chirp,0.0,10,1.0,0.9837436854839325
AM-DSB-WC,30.0,chirp,5.0,10,1.0,0.999998676776886
AM-DSB-WC,30.0,chirp,10.0,10,1.0,0.9999996662139893
AM-DSB-WC,30.0,tone,-10.0,10,0.1,0.19942485615611077
AM-DSB-WC,30.0,tone,-5.0,10,1.0,0.9078160464763642
AM-DSB-WC,30.0,tone,0.0,10,1.0,0.9998105227947235
AM-DSB-WC,30.0,tone,5.0,10,1.0,0.9999982476234436
AM-DSB-WC,30.0,tone,10.0,10,1.0,0.9999997973442077
AM-SSB-SC,-20.0,barrage,-10.0,10,0.0,0.06478935629129409
AM-SSB-SC,-20.0,barrage,-5.0,10,0.0,0.3088271200656891
AM-SSB-SC,-20.0,barrage,0.0,10,1.0,0.9892543971538543
AM-SSB-SC,-20.0,barrage,5.0,10,1.0,0.9999967813491821
AM-SSB-SC,-20.0,barrage,10.0,10,1.0,0.9999999284744263
AM-SSB-SC,-20.0,chirp,-10.0,10,0.0,0.06668605357408523
AM-SSB-SC,-20.0,chirp,-5.0,10,0.2,0.3916241228580475
AM-SSB-SC,-20.0,chirp,0.0,10,1.0,0.9810831725597382
AM-SSB-SC,-20.0,chirp,5.0,10,1.0,0.9999278068542481
AM-SSB-SC,-20.0,chirp,10.0,10,1.0,0.9999992728233338
AM-SSB-SC,-20.0,tone,-10.0,10,0.0,0.08144000303000212
AM-SSB-SC,-20.0,tone,-5.0,10,0.1,0.3095643222332001
AM-SSB-SC,-20.0,tone,0.0,10,1.0,0.9913465142250061
AM-SSB-SC,-20.0,tone,5.0,10,1.0,0.999989652633667
AM-SSB-SC,-20.0,tone,10.0,10,1.0,0.9999848484992981
AM-SSB-SC,-10.0,barrage,-10.0,9,0.0,0.06193889304995537
AM-SSB-SC,-10.0,barrage,-5.0,9,0.0,0.25667385425832534
AM-SSB-SC,-10.0,barrage,0.0,9,1.0,0.9898231559329562
AM-SSB-SC,-10.0,barrage,5.0,9,1.0,0.9999965031941732
AM-SSB-SC,-10.0,barrage,10.0,9,1.0,0.999999894036187
AM-SSB-SC,-10.0,chirp,-10.0,9,0.0,0.057055138465431005
AM-SSB-SC,-10.0,chirp,-5.0,9,0.1111111111111111,0.34546690103080535
AM-SSB-SC,-10.0,chirp,0.0,9,1.0,0.9825298388799032
AM-SSB-SC,-10.0,chirp,5.0,9,1.0,0.9999970197677612
AM-SSB-SC,-10.0,chirp,10.0,9,1.0,0.9999988211525811
AM-SSB-SC,-10.0,tone,-10.0,9,0.0,0.06780583783984184
AM-SSB-SC,-10.0,tone,-5.0,9,0.2222222222222222,0.41967932383219403
AM-SSB-SC,-10.0,tone,0.0,9,1.0,0.9798753923839993
AM-SSB-SC,-10.0,tone,5.0,9,1.0,0.9999897082646688
AM-SSB-SC,-10.0,tone,10.0,9,1.0,0.9999760389328003
AM-SSB-SC,0.0,barrage,-10.0,10,0.0,0.11252330802381039
AM-SSB-SC,0.0,barrage,-5.0,10,0.4,0.500950250029564
AM-SSB-SC,0.0,barrage,0.0,10,1.0,0.993869835138321
AM-SSB-SC,0.0,barrage,5.0,10,1.0,0.9999983310699463
AM-SSB-SC,0.0,barrage,10.0,10,1.0,0.9999999880790711
AM-SSB-SC,0.0,chirp,-10.0,10,0.0,0.1295108675956726
AM-SSB-SC,0.0,chirp,-5.0,10,0.8,0.5694906026124954
AM-SSB-SC,0.0,chirp,0.0,10,1.0,0.9909342527389526
AM-SSB-SC,0.0,chirp,5.0,10,1.0,0.9999965190887451
AM-SSB-SC,0.0,chirp,10.0,10,1.0,0.999999463558197
AM-SSB-SC,0.0,tone,-10.0,10,0.0,0.13240136727690696
AM-SSB-SC,0.0,tone,-5.0,10,0.7,0.6262580901384354
AM-SSB-SC,0.0,tone,0.0,10,1.0,0.9960416197776795
AM-SSB-SC,0.0,tone,5.0,10,1.0,0.9999945759773254
AM-SSB-SC,0.0,tone,10.0,10,1.0,0.999986183643341
AM-SSB-SC,10.0,barrage,-10.0,10,0.0,0.10370263550430536
AM-SSB-SC,10.0,barrage,-5.0,10,0.6,0.5628131613135338
AM-SSB-SC,10.0,barrage,0.0,10,1.0,0.9962276756763458
AM-SSB-SC,10.0,barrage,5.0,10,1.0,0.9999988794326782
AM-SSB-SC,10.0,barrage,10.0,10,1.0,0.9999999880790711
AM-SSB-SC,10.0,chirp,-10.0,10,0.0,0.09540717303752899
AM-SSB-SC,10.0,chirp,-5.0,10,0.7,0.7062325596809387
AM-SSB-SC,10.0,chirp,0.0,10,1.0,0.9902689278125762
AM-SSB-SC,10.0,chirp,5.0,10,1.0,0.9999944806098938
AM-SSB-SC,10.0,chirp,10.0,10,1.0,0.9999980330467224
AM-SSB-SC,10.0,tone,-10.0,10,0.0,0.1402992053888738
AM-SSB-SC,10.0,tone,-5.0,10,0.9,0.7862574905157089
AM-SSB-SC,10.0,tone,0.0,10,1.0,0.9985043346881867
AM-SSB-SC,10.0,tone,5.0,10,1.0,0.9999742209911346
AM-SSB-SC,10.0,tone,10.0,10,1.0,0.999984610080719
AM-SSB-SC,20.0,barrage,-10.0,10,0.0,0.10294694229960441
AM-SSB-SC,20.0,barrage,-5.0,10,0.7,0.6081531375646592
AM-SSB-SC,20.0,barrage,0.0,10,1.0,0.9953967750072479
AM-SSB-SC,20.0,barrage,5.0,10,1.0,0.9999987006187439
AM-SSB-SC,20.0,barrage,10.0,10,1.0,0.9999999761581421
AM-SSB-SC,20.0,chirp,-10.0,10,0.0,0.11893568113446236
AM-SSB-SC,20.0,chirp,-5.0,10,0.6,0.6395560920238494
AM-SSB-SC,20.0,chirp,0.0,10,1.0,0.9992418408393859
AM-SSB-SC,20.0,chirp,5.0,10,1.0,0.9999983310699463
AM-SSB-SC,20.0,chirp,10.0,10,1.0,0.999999487400055
AM-SSB-SC,20.0,tone,-10.0,10,0.0,0.15657525770366193
AM-SSB-SC,20.0,tone,-5.0,10,1.0,0.7925801455974579
AM-SSB-SC,20.0,tone,0.0,10,1.0,0.99937424659729
AM-SSB-SC,20.0,tone,5.0,10,1.0,0.999998939037323
AM-SSB-SC,20.0,tone,10.0,10,1.0,0.9999947786331177
AM-SSB-SC,30.0,barrage,-10.0,10,0.0,0.07844070084393025
AM-SSB-SC,30.0,barrage,-5.0,10,0.8,0.572098633646965
AM-SSB-SC,30.0,barrage,0.0,10,1.0,0.9963716208934784
AM-SSB-SC,30.0,barrage,5.0,10,1.0,0.9999986290931702
AM-SSB-SC,30.0,barrage,10.0,10,1.0,0.9999999761581421
AM-SSB-SC,30.0,chirp,-10.0,10,0.0,0.09155550375580787
AM-SSB-SC,30.0,chirp,-5.0,10,0.8,0.6864272087812424
AM-SSB-SC,30.0,chirp,0.0,10,1.0,0.9978718280792236
AM-SSB-SC,30.0,chirp,5.0,10,1.0,0.9999974250793457
AM-SSB-SC,30.0,chirp,10.0,10,1.0,0.9999955654144287
AM-SSB-SC,30.0,tone,-10.0,10,0.0,0.11729370951652526
AM-SSB-SC,30.0,tone,-5.0,10,0.7,0.6812199503183365
AM-SSB-SC,30.0,tone,0.0,10,1.0,0.9961699187755585
AM-SSB-SC,30.0,tone,5.0,10,1.0,0.999998927116394
AM-SSB-SC,30.0,tone,10.0,10,1.0,0.9999832510948181
AM-SSB-WC,-20.0,barrage,-10.0,10,0.0,0.06330564431846142
AM-SSB-WC,-20.0,barrage,-5.0,10,0.1,0.348112353682518
AM-SSB-WC,-20.0,barrage,0.0,10,1.0,0.992168414592743
AM-SSB-WC,-20.0,barrage,5.0,10,1.0,0.9999962210655212
AM-SSB-WC,-20.0,barrage,10.0,10,1.0,0.9999999046325684
AM-SSB-WC,-20.0,chirp,-10.0,10,0.0,0.06778527274727822
AM-SSB-WC,-20.0,chirp,-5.0,10,0.2,0.3628055453300476
AM-SSB-WC,-20.0,chirp,0.0,10,1.0,0.9943359732627869
AM-SSB-WC,-20.0,chirp,5.0,10,1.0,0.999949312210083
AM-SSB-WC,-20.0,chirp,10.0,10,1.0,0.9999970436096192
AM-SSB-WC,-20.0,tone,-10.0,10,0.0,0.07624992020428181
AM-SSB-WC,-20.0,tone,-5.0,10,0.2,0.40197724029421805
AM-SSB-WC,-20.0,tone,0.0,10,1.0,0.97528355717659
AM-SSB-WC,-20.0,tone,5.0,10,1.0,0.9999687135219574
AM-SSB-WC,-20.0,tone,10.0,10,1.0,0.9999991178512573
AM-SSB-WC,-10.0,barrage,-10.0,10,0.0,0.073314119130373
AM-SSB-WC,-10.0,barrage,-5.0,10,0.1,0.33905597031116486
AM-SSB-WC,-10.0,barrage,0.0,10,1.0,0.9920069098472595
AM-SSB-WC,-10.0,barrage,5.0,10,1.0,0.9999970316886901
AM-SSB-WC,-10.0,barrage,10.0,10,1.0,0.9999999165534973
AM-SSB-WC,-10.0,chirp,-10.0,10,0.0,0.07897697202861309
AM-SSB-WC,-10.0,chirp,-5.0,10,0.4,0.43104290664196016
AM-SSB-WC,-10.0,chirp,0.0,10,1.0,0.9630448341369628
AM-SSB-WC,-10.0,chirp,5.0,10,1.0,0.9999693989753723
AM-SSB-WC,-10.0,chirp,10.0,10,1.0,0.9999987483024597
AM-SSB-WC,-10.0,tone,-10.0,10,0.0,0.0818138387054205
AM-SSB-WC,-10.0,tone,-5.0,10,0.2,0.418206425011158
AM-SSB-WC,-10.0,tone,0.0,10,1.0,0.9919530212879181
AM-SSB-WC,-10.0,tone,5.0,10,1.0,0.9999487161636352
AM-SSB-WC,-10.0,tone,10.0,10,1.0,0.9999960780143737
AM-SSB-WC,0.0,barrage,-10.0,10,0.0,0.12453173510730267
AM-SSB-WC,0.0,barrage,-5.0,10,0.7,0.6269132196903229
AM-SSB-WC,0.0,barrage,0.0,10,1.0,0.9996319353580475
AM-SSB-WC,0.0,barrage,5.0,10,1.0,0.9999990701675415
AM-SSB-WC,0.0,barrage,10.0,10,1.0,0.9999999642372132
AM-SSB-WC,0.0,chirp,-10.0,10,0.0,0.1369123175740242
AM-SSB-WC,0.0,chirp,-5.0,10,0.8,0.6906786918640136
AM-SSB-WC,0.0,chirp,0.0,10,1.0,0.9962256669998169
AM-SSB-WC,0.0,chirp,5.0,10,1.0,0.9999963760375976
AM-SSB-WC,0.0,chirp,10.0,10,1.0,0.999999487400055
AM-SSB-WC,0.0,tone,-10.0,10,0.1,0.21609273552894592
AM-SSB-WC,0.0,tone,-5.0,10,0.7,0.6606526106595993
AM-SSB-WC,0.0,tone,0.0,10,1.0,0.9982377171516419
AM-SSB-WC,0.0,tone,5.0,10,1.0,0.9999943137168884
AM-SSB-WC,0.0,tone,10.0,10,1.0,0.9999929666519165
AM-SSB-WC,10.0,barrage,-10.0,10,0.8,0.8083026975393295
AM-SSB-WC,10.0,barrage,-5.0,10,1.0,0.9997677683830262
AM-SSB-WC,10.0,barrage,0.0,10,1.0,0.9999998688697815
AM-SSB-WC,10.0,barrage,5.0,10,1.0,1.0
AM-SSB-WC,10.0,barrage,10.0,10,1.0,1.0
AM-SSB-WC,10.0,chirp,-10.0,10,0.9,0.8222645282745361
AM-SSB-WC,10.0,chirp,-5.0,10,1.0,0.9997552812099457
AM-SSB-WC,10.0,chirp,0.0,10,1.0,0.9999987721443176
AM-SSB-WC,10.0,chirp,5.0,10,1.0,1.0
AM-SSB-WC,10.0,chirp,10.0,10,1.0,1.0
AM-SSB-WC,10.0,tone,-10.0,10,0.9,0.8074446976184845
AM-SSB-WC,10.0,tone,-5.0,10,1.0,0.9994791269302368
AM-SSB-WC,10.0,tone,0.0,10,1.0,0.999999737739563
AM-SSB-WC,10.0,tone,5.0,10,1.0,1.0
AM-SSB-WC,10.0,tone,10.0,10,1.0,1.0
AM-SSB-WC,20.0,barrage,-10.0,10,0.8,0.7973695397377014
AM-SSB-WC,20.0,barrage,-5.0,10,1.0,0.9996929049491883
AM-SSB-WC,20.0,barrage,0.0,10,1.0,0.9999997973442077
AM-SSB-WC,20.0,barrage,5.0,10,1.0,1.0
AM-SSB-WC,20.0,barrage,10.0,10,1.0,1.0
AM-SSB-WC,20.0,chirp,-10.0,10,0.7,0.7485404659062624
AM-SSB-WC,20.0,chirp,-5.0,10,1.0,0.9998179018497467
AM-SSB-WC,20.0,chirp,0.0,10,1.0,0.9999999284744263
AM-SSB-WC,20.0,chirp,5.0,10,1.0,1.0
AM-SSB-WC,20.0,chirp,10.0,10,1.0,1.0
AM-SSB-WC,20.0,tone,-10.0,10,0.9,0.8440031990408897
AM-SSB-WC,20.0,tone,-5.0,10,1.0,0.9984780609607696
AM-SSB-WC,20.0,tone,0.0,10,1.0,0.9999996066093445
AM-SSB-WC,20.0,tone,5.0,10,1.0,1.0
AM-SSB-WC,20.0,tone,10.0,10,1.0,1.0
AM-SSB-WC,30.0,barrage,-10.0,10,0.7,0.7285621915012598
AM-SSB-WC,30.0,barrage,-5.0,10,1.0,0.9996101081371307
AM-SSB-WC,30.0,barrage,0.0,10,1.0,0.9999995589256286
AM-SSB-WC,30.0,barrage,5.0,10,1.0,1.0
AM-SSB-WC,30.0,barrage,10.0,10,1.0,1.0
AM-SSB-WC,30.0,chirp,-10.0,10,0.7,0.6792865499854088
AM-SSB-WC,30.0,chirp,-5.0,10,1.0,0.999799245595932
AM-SSB-WC,30.0,chirp,0.0,10,1.0,0.9999996066093445
AM-SSB-WC,30.0,chirp,5.0,10,1.0,1.0
AM-SSB-WC,30.0,chirp,10.0,10,1.0,1.0
AM-SSB-WC,30.0,tone,-10.0,10,0.6,0.6562279601581394
AM-SSB-WC,30.0,tone,-5.0,10,1.0,0.9988175690174103
AM-SSB-WC,30.0,tone,0.0,10,1.0,0.9999606728553772
AM-SSB-WC,30.0,tone,5.0,10,1.0,1.0
AM-SSB-WC,30.0,tone,10.0,10,1.0,1.0
BPSK,-20.0,barrage,-10.0,10,0.0,0.05666106287389994
BPSK,-20.0,barrage,-5.0,10,0.0,0.28180204778909684
BPSK,-20.0,barrage,0.0,10,1.0,0.9884365558624267
BPSK,-20.0,barrage,5.0,10,1.0,0.9999963760375976
BPSK,-20.0,barrage,10.0,10,1.0,0.9999998807907104
BPSK,-20.0,chirp,-10.0,10,0.0,0.054362634383142
BPSK,-20.0,chirp,-5.0,10,0.2,0.32830332815647123
BPSK,-20.0,chirp,0.0,10,1.0,0.9375222861766815
BPSK,-20.0,chirp,5.0,10,1.0,0.9998932480812073
BPSK,-20.0,chirp,10.0,10,1.0,0.9999980092048645
BPSK,-20.0,tone,-10.0,10,0.0,0.06841396167874336
BPSK,-20.0,tone,-5.0,10,0.1,0.2603317700326443
BPSK,-20.0,tone,0.0,10,1.0,0.9919978618621826
BPSK,-20.0,tone,5.0,10,1.0,0.9999627530574798
BPSK,-20.0,tone,10.0,10,1.0,0.9999883651733399
BPSK,-10.0,barrage,-10.0,9,0.0,0.07081067644887501
BPSK,-10.0,barrage,-5.0,9,0.1111111111111111,0.3482706993818283
BPSK,-10.0,barrage,0.0,9,1.0,0.9906009236971537
BPSK,-10.0,barrage,5.0,9,1.0,0.9999970197677612
BPSK,-10.0,barrage,10.0,9,1.0,0.999999894036187
BPSK,-10.0,chirp,-10.0,9,0.0,0.07933111323250665
BPSK,-10.0,chirp,-5.0,9,0.3333333333333333,0.42615840335687
BPSK,-10.0,chirp,0.0,9,1.0,0.9779266516367594
BPSK,-10.0,chirp,5.0,9,1.0,0.999997788005405
BPSK,-10.0,chirp,10.0,9,1.0,0.9999991257985433
BPSK,-10.0,tone,-10.0,9,0.0,0.07405298617151049
BPSK,-10.0,tone,-5.0,9,0.2222222222222222,0.396163124177191
BPSK,-10.0,tone,0.0,9,1.0,0.9857810139656067
BPSK,-10.0,tone,5.0,9,1.0,0.9999832312266032
BPSK,-10.0,tone,10.0,9,1.0,0.9999986489613851
BPSK,0.0,barrage,-10.0,10,0.0,0.12426746934652329
BPSK,0.0,barrage,-5.0,10,0.7,0.5336160242557526
BPSK,0.0,barrage,0.0,10,1.0,0.9957482516765594
BPSK,0.0,barrage,5.0,10,1.0,0.9999980211257935
BPSK,0.0,barrage,10.0,10,1.0,0.9999999761581421
BPSK,0.0,chirp,-10.0,10,0.0,0.16538532823324203
BPSK,0.0,chirp,-5.0,10,0.8,0.6395086079835892
BPSK,0.0,chirp,0.0,10,1.0,0.981113862991333
BPSK,0.0,chirp,5.0,10,1.0,0.9999914407730103
BPSK,0.0,chirp,10.0,10,1.0,0.9999994754791259
BPSK,0.0,tone,-10.0,10,0.0,0.14846951737999917
BPSK,0.0,tone,-5.0,10,1.0,0.7612912893295288
BPSK,0.0,tone,0.0,10,1.0,0.9970163345336914
BPSK,0.0,tone,5.0,10,1.0,0.999986982345581
BPSK,0.0,tone,10.0,10,1.0,0.999993109703064
BPSK,10.0,barrage,-10.0,9,0.0,0.09331683814525604
BPSK,10.0,barrage,-5.0,9,0.7777777777777778,0.5919872456126742
BPSK,10.0,barrage,0.0,9,1.0,0.9964506162537469
BPSK,10.0,barrage,5.0,9,1.0,0.9999986357159085
BPSK,10.0,barrage,10.0,9,1.0,0.9999999602635702
BPSK,10.0,chirp,-10.0,9,0.0,0.1232308695713679
BPSK,10.0,chirp,-5.0,9,0.8888888888888888,0.776756677362654
BPSK,10.0,chirp,0.0,9,1.0,0.994900127251943
BPSK,10.0,chirp,5.0,9,1.0,0.9999970065222846
BPSK,10.0,chirp,10.0,9,1.0,0.9999996821085612
BPSK,10.0,tone,-10.0,9,0.0,0.12510046859582266
BPSK,10.0,tone,-5.0,9,1.0,0.7626883917384677
BPSK,10.0,tone,0.0,9,1.0,0.9991965492566427
BPSK,10.0,tone,5.0,9,1.0,0.9999992450078329
BPSK,10.0,tone,10.0,9,1.0,0.9999980926513672
BPSK,20.0,barrage,-10.0,10,0.0,0.0853874284774065
BPSK,20.0,barrage,-5.0,10,0.8,0.6169425576925278
BPSK,20.0,barrage,0.0,10,1.0,0.9964549243450165
BPSK,20.0,barrage,5.0,10,1.0,0.9999987006187439
BPSK,20.0,barrage,10.0,10,1.0,1.0
BPSK,20.0,chirp,-10.0,10,0.0,0.11110269613564014
BPSK,20.0,chirp,-5.0,10,0.7,0.6437796413898468
BPSK,20.0,chirp,0.0,10,1.0,0.9994522750377655
BPSK,20.0,chirp,5.0,10,1.0,0.999989926815033
BPSK,20.0,chirp,10.0,10,1.0,0.9999959707260132
BPSK,20.0,tone,-10.0,10,0.0,0.1317491989582777
BPSK,20.0,tone,-5.0,10,0.9,0.7776878505945206
BPSK,20.0,tone,0.0,10,1.0,0.9991118371486664
BPSK,20.0,tone,5.0,10,1.0,0.9999939680099488
BPSK,20.0,tone,10.0,10,1.0,0.999999487400055
BPSK,30.0,barrage,-10.0,9,0.0,0.10526175051927567
BPSK,30.0,barrage,-5.0,9,0.7777777777777778,0.6068275471528372
BPSK,30.0,barrage,0.0,9,1.0,0.9970762530962626
BPSK,30.0,barrage,5.0,9,1.0,0.9999986489613851
BPSK,30.0,barrage,10.0,9,1.0,1.0
BPSK,30.0,chirp,-10.0,9,0.0,0.16866165813472536
BPSK,30.0,chirp,-5.0,9,0.8888888888888888,0.7106828126642439
BPSK,30.0,chirp,0.0,9,1.0,0.9899054964383444
BPSK,30.0,chirp,5.0,9,1.0,0.9999978012508817
BPSK,30.0,chirp,10.0,9,1.0,0.9999998410542806
BPSK,30.0,tone,-10.0,9,0.0,0.12701849225494596
BPSK,30.0,tone,-5.0,9,0.8888888888888888,0.7598120429449611
BPSK,30.0,tone,0.0,9,1.0,0.9992943339877658
BPSK,30.0,tone,5.0,9,1.0,0.999997788005405
BPSK,30.0,tone,10.0,9,1.0,0.9999986886978149
FM,-20.0,barrage,-10.0,9,0.0,0.05296897143125534
FM,-20.0,barrage,-5.0,9,0.0,0.3136470880773332
FM,-20.0,barrage,0.0,9,1.0,0.9913117289543152
FM,-20.0,barrage,5.0,9,1.0,0.9999964237213135
FM,-20.0,barrage,10.0,9,1.0,0.9999999205271403
FM,-20.0,chirp,-10.0,9,0.0,0.06313786365919644
FM,-20.0,chirp,-5.0,9,0.3333333333333333,0.3442387514644199
FM,-20.0,chirp,0.0,9,1.0,0.9933478898472257
FM,-20.0,chirp,5.0,9,1.0,0.9999847677018907
FM,-20.0,chirp,10.0,9,1.0,0.9999996158811781
FM,-20.0,tone,-10.0,9,0.0,0.07846482180886799
FM,-20.0,tone,-5.0,9,0.1111111111111111,0.3130868226289749
FM,-20.0,tone,0.0,9,1.0,0.9913249479399787
FM,-20.0,tone,5.0,9,1.0,0.9999909665849473
FM,-20.0,tone,10.0,9,1.0,0.9999991920259264
FM,-10.0,barrage,-10.0,10,0.0,0.05431267246603966
FM,-10.0,barrage,-5.0,10,0.0,0.26349531263113024
FM,-10.0,barrage,0.0,10,1.0,0.9900601267814636
FM,-10.0,barrage,5.0,10,1.0,0.999996280670166
FM,-10.0,barrage,10.0,10,1.0,0.9999999165534973
FM,-10.0,chirp,-10.0,10,0.0,0.058765101432800296
FM,-10.0,chirp,-5.0,10,0.2,0.37363214790821075
FM,-10.0,chirp,0.0,10,1.0,0.9736019611358643
FM,-10.0,chirp,5.0,10,1.0,0.9999702274799347
FM,-10.0,chirp,10.0,10,1.0,0.9999917030334473
FM,-10.0,tone,-10.0,10,0.0,0.059192368388175966
FM,-10.0,tone,-5.0,10,0.1,0.277415307611227
FM,-10.0,tone,0.0,10,1.0,0.9890525817871094
FM,-10.0,tone,5.0,10,1.0,0.9999655067920685
FM,-10.0,tone,10.0,10,1.0,0.9999938130378723
FM,0.0,barrage,-10.0,10,0.0,0.11355323493480682
FM,0.0,barrage,-5.0,10,0.5,0.49004293978214264
FM,0.0,barrage,0.0,10,1.0,0.9943980693817138
FM,0.0,barrage,5.0,10,1.0,0.999998152256012
FM,0.0,barrage,10.0,10,1.0,1.0
FM,0.0,chirp,-10.0,10,0.0,0.11543997377157211
FM,0.0,chirp,-5.0,10,0.8,0.5770211592316628
FM,0.0,chirp,0.0,10,1.0,0.9848575532436371
FM,0.0,chirp,5.0,10,1.0,0.99999840259552
FM,0.0,chirp,10.0,10,1.0,0.9999929428100586
FM,0.0,tone,-10.0,10,0.0,0.12794349566102028
FM,0.0,tone,-5.0,10,0.7,0.5533082008361816
FM,0.0,tone,0.0,10,1.0,0.9977360665798187
FM,0.0,tone,5.0,10,1.0,0.9999941825866699
FM,0.0,tone,10.0,10,1.0,0.9999988555908204
FM,10.0,barrage,-10.0,10,0.0,0.07534382306039333
FM,10.0,barrage,-5.0,10,0.6,0.5385242134332657
FM,10.0,barrage,0.0,10,1.0,0.9947582364082337
FM,10.0,barrage,5.0,10,1.0,0.9999986052513122
FM,10.0,barrage,10.0,10,1.0,0.9999999761581421
FM,10.0,chirp,-10.0,10,0.0,0.0816528394818306
FM,10.0,chirp,-5.0,10,0.7,0.6436037957668305
FM,10.0,chirp,0.0,10,1.0,0.9968652069568634
FM,10.0,chirp,5.0,10,1.0,0.9999934196472168
FM,10.0,chirp,10.0,10,1.0,0.999999749660492
FM,10.0,tone,-10.0,10,0.0,0.10812513567507268
FM,10.0,tone,-5.0,10,0.9,0.7309751369059085
FM,10.0,tone,0.0,10,1.0,0.9977234840393067
FM,10.0,tone,5.0,10,1.0,0.9999894261360168
FM,10.0,tone,10.0,10,1.0,0.9999681711196899
FM,20.0,barrage,-10.0,9,0.0,0.0749149690899584
FM,20.0,barrage,-5.0,9,0.7777777777777778,0.5901791983180575
FM,20.0,barrage,0.0,9,1.0,0.9962429139349196
FM,20.0,barrage,5.0,9,1.0,0.9999988079071045
FM,20.0,barrage,10.0,9,1.0,1.0
FM,20.0,chirp,-10.0,9,0.0,0.07254391784469287
FM,20.0,chirp,-5.0,9,0.7777777777777778,0.6579379571808709
FM,20.0,chirp,0.0,9,1.0,0.9950624306996664
FM,20.0,chirp,5.0,9,1.0,0.9999969005584717
FM,20.0,chirp,10.0,9,1.0,0.9999998542997572
FM,20.0,tone,-10.0,9,0.0,0.08463552987409963
FM,20.0,tone,-5.0,9,1.0,0.8214947647518582
FM,20.0,tone,0.0,9,1.0,0.9978780415323045
FM,20.0,tone,5.0,9,1.0,0.9999997483359443
FM,20.0,tone,10.0,9,1.0,0.999999549653795
FM,30.0,barrage,-10.0,9,0.0,0.08714205606116189
FM,30.0,barrage,-5.0,9,0.7777777777777778,0.5796122584078047
FM,30.0,barrage,0.0,9,1.0,0.9967149297396342
FM,30.0,barrage,5.0,9,1.0,0.9999987549251981
FM,30.0,barrage,10.0,9,1.0,0.9999999867545234
FM,30.0,chirp,-10.0,9,0.0,0.11141435470845965
FM,30.0,chirp,-5.0,9,0.6666666666666666,0.6472899350855086
FM,30.0,chirp,0.0,9,1.0,0.9981635146670871
FM,30.0,chirp,5.0,9,1.0,0.9999979204601712
FM,30.0,chirp,10.0,9,1.0,0.999999549653795
FM,30.0,tone,-10.0,9,0.0,0.13716360678275427
FM,30.0,tone,-5.0,9,1.0,0.8346200784047445
FM,30.0,tone,0.0,9,1.0,0.999156634012858
FM,30.0,tone,5.0,9,1.0,0.9999969667858548
FM,30.0,tone,10.0,9,1.0,0.9999994569354587
GMSK,-20.0,barrage,-10.0,10,0.0,0.06828765757381916
GMSK,-20.0,barrage,-5.0,10,0.0,0.31235392689704894
GMSK,-20.0,barrage,0.0,10,1.0,0.990431421995163
GMSK,-20.0,barrage,5.0,10,1.0,0.9999963879585266
GMSK,-20.0,barrage,10.0,10,1.0,0.9999998927116394
GMSK,-20.0,chirp,-10.0,10,0.0,0.07932078950107098
GMSK,-20.0,chirp,-5.0,10,0.1,0.3498550906777382
GMSK,-20.0,chirp,0.0,10,1.0,0.9737181723117828
GMSK,-20.0,chirp,5.0,10,1.0,0.9999909400939941
GMSK,-20.0,chirp,10.0,10,1.0,0.9999982118606567
GMSK,-20.0,tone,-10.0,10,0.0,0.08440901897847652
GMSK,-20.0,tone,-5.0,10,0.2,0.3749286696314812
GMSK,-20.0,tone,0.0,10,1.0,0.9729399859905243
GMSK,-20.0,tone,5.0,10,1.0,0.9999752998352051
GMSK,-20.0,tone,10.0,10,1.0,0.9999994993209839
GMSK,-10.0,barrage,-10.0,9,0.0,0.06806840664810604
GMSK,-10.0,barrage,-5.0,9,0.0,0.3030558096037971
GMSK,-10.0,barrage,0.0,9,1.0,0.9895913004875183
GMSK,-10.0,barrage,5.0,9,1.0,0.9999969667858548
GMSK,-10.0,barrage,10.0,9,1.0,0.9999999337726169
GMSK,-10.0,chirp,-10.0,9,0.0,0.08238212391734123
GMSK,-10.0,chirp,-5.0,9,0.3333333333333333,0.3694620811276966
GMSK,-10.0,chirp,0.0,9,1.0,0.9939939048555162
GMSK,-10.0,chirp,5.0,9,1.0,0.999986105495029
GMSK,-10.0,chirp,10.0,9,1.0,0.9999996423721313
GMSK,-10.0,tone,-10.0,9,0.0,0.07283002883195877
GMSK,-10.0,tone,-5.0,9,0.2222222222222222,0.347262485159768
GMSK,-10.0,tone,0.0,9,1.0,0.993220693535275
GMSK,-10.0,tone,5.0,9,1.0,0.9999696678585477
GMSK,-10.0,tone,10.0,9,1.0,0.999978654914432
GMSK,0.0,barrage,-10.0,10,0.0,0.14797482043504714
GMSK,0.0,barrage,-5.0,10,0.7,0.5666996240615845
GMSK,0.0,barrage,0.0,10,1.0,0.9960353314876557
GMSK,0.0,barrage,5.0,10,1.0,0.9999982237815856
GMSK,0.0,barrage,10.0,10,1.0,0.9999999642372132
GMSK,0.0,chirp,-10.0,10,0.0,0.12944593280553818
GMSK,0.0,chirp,-5.0,10,0.5,0.5302250385284424
GMSK,0.0,chirp,0.0,10,1.0,0.9968011140823364
GMSK,0.0,chirp,5.0,10,1.0,0.9999982953071594
GMSK,0.0,chirp,10.0,10,1.0,0.9999916076660156
GMSK,0.0,tone,-10.0,10,0.0,0.16163273453712462
GMSK,0.0,tone,-5.0,10,0.8,0.6941875755786896
GMSK,0.0,tone,0.0,10,1.0,0.9921566665172576
GMSK,0.0,tone,5.0,10,1.0,0.9999967813491821
GMSK,0.0,tone,10.0,10,1.0,0.9999998450279236
GMSK,10.0,barrage,-10.0,9,0.0,0.11367539481984244
GMSK,10.0,barrage,-5.0,9,0.8888888888888888,0.6542995075384775
GMSK,10.0,barrage,0.0,9,1.0,0.997092968887753
GMSK,10.0,barrage,5.0,9,1.0,0.9999986357159085
GMSK,10.0,barrage,10.0,9,1.0,0.9999999867545234
GMSK,10.0,chirp,-10.0,9,0.0,0.1195032609005769
GMSK,10.0,chirp,-5.0,9,0.8888888888888888,0.7265913685162863
GMSK,10.0,chirp,0.0,9,1.0,0.9972699946827359
GMSK,10.0,chirp,5.0,9,1.0,0.9999991655349731
GMSK,10.0,chirp,10.0,9,1.0,0.9999993907080756
GMSK,10.0,tone,-10.0,9,0.0,0.14317205299933752
GMSK,10.0,tone,-5.0,9,1.0,0.8146370848019918
GMSK,10.0,tone,0.0,9,1.0,0.9989871912532382
GMSK,10.0,tone,5.0,9,1.0,0.9999986092249552
GMSK,10.0,tone,10.0,9,1.0,0.9999866485595703
GMSK,20.0,barrage,-10.0,9,0.0,0.1488228506512112
GMSK,20.0,barrage,-5.0,9,1.0,0.7610698077413771
GMSK,20.0,barrage,0.0,9,1.0,0.9984115891986423
GMSK,20.0,barrage,5.0,9,1.0,0.9999983575608995
GMSK,20.0,barrage,10.0,9,1.0,0.9999999867545234
GMSK,20.0,chirp,-10.0,9,0.0,0.19196948409080505
GMSK,20.0,chirp,-5.0,9,0.7777777777777778,0.7075633870230781
GMSK,20.0,chirp,0.0,9,1.0,0.999140202999115
GMSK,20.0,chirp,5.0,9,1.0,0.9999986754523383
GMSK,20.0,chirp,10.0,9,1.0,0.9999986092249552
GMSK,20.0,tone,-10.0,9,0.0,0.2385111153125763
GMSK,20.0,tone,-5.0,9,0.7777777777777778,0.7544748617543114
GMSK,20.0,tone,0.0,9,0.8888888888888888,0.9350296987427605
GMSK,20.0,tone,5.0,9,1.0,0.9999993907080756
GMSK,20.0,tone,10.0,9,1.0,0.9999995231628418
GMSK,30.0,barrage,-10.0,10,0.0,0.11280158162117004
GMSK,30.0,barrage,-5.0,10,1.0,0.7155497193336486
GMSK,30.0,barrage,0.0,10,1.0,0.9970885574817657
GMSK,30.0,barrage,5.0,10,1.0,0.9999987363815308
GMSK,30.0,barrage,10.0,10,1.0,1.0
GMSK,30.0,chirp,-10.0,10,0.1,0.1801406502723694
GMSK,30.0,chirp,-5.0,10,0.9,0.7970474988222123
GMSK,30.0,chirp,0.0,10,1.0,0.9980599701404571
GMSK,30.0,chirp,5.0,10,1.0,0.9999952554702759
GMSK,30.0,chirp,10.0,10,1.0,0.9999996185302734
GMSK,30.0,tone,-10.0,10,0.0,0.2009008303284645
GMSK,30.0,tone,-5.0,10,1.0,0.7810223817825317
GMSK,30.0,tone,0.0,10,1.0,0.9988732457160949
GMSK,30.0,tone,5.0,10,1.0,0.9999991893768311
GMSK,30.0,tone,10.0,10,1.0,0.9999940991401672
OOK,-20.0,barrage,-10.0,10,0.0,0.06054374948143959
OOK,-20.0,barrage,-5.0,10,0.0,0.30838119983673096
OOK,-20.0,barrage,0.0,10,1.0,0.9896461486816406
OOK,-20.0,barrage,5.0,10,1.0,0.9999963641166687
OOK,-20.0,barrage,10.0,10,1.0,0.9999999046325684
OOK,-20.0,chirp,-10.0,10,0.0,0.06900814101099968
OOK,-20.0,chirp,-5.0,10,0.3,0.3651734903454781
OOK,-20.0,chirp,0.0,10,1.0,0.9605886459350585
OOK,-20.0,chirp,5.0,10,1.0,0.9999597311019898
OOK,-20.0,chirp,10.0,10,1.0,0.9999991297721863
OOK,-20.0,tone,-10.0,10,0.0,0.06801295839250088
OOK,-20.0,tone,-5.0,10,0.1,0.384597972035408
OOK,-20.0,tone,0.0,10,1.0,0.9854295670986175
OOK,-20.0,tone,5.0,10,1.0,0.9999821782112122
OOK,-20.0,tone,10.0,10,1.0,0.9999986529350281
OOK,-10.0,barrage,-10.0,10,0.0,0.06751472540199757
OOK,-10.0,barrage,-5.0,10,0.0,0.293991482257843
OOK,-10.0,barrage,0.0,10,1.0,0.9850908994674683
OOK,-10.0,barrage,5.0,10,1.0,0.9999969601631165
OOK,-10.0,barrage,10.0,10,1.0,0.9999999165534973
OOK,-10.0,chirp,-10.0,10,0.0,0.07106829769909381
OOK,-10.0,chirp,-5.0,10,0.4,0.4311064526438713
OOK,-10.0,chirp,0.0,10,1.0,0.9624049365520477
OOK,-10.0,chirp,5.0,10,1.0,0.9999813556671142
OOK,-10.0,chirp,10.0,10,1.0,0.9999990224838257
OOK,-10.0,tone,-10.0,10,0.0,0.09300545193254947
OOK,-10.0,tone,-5.0,10,0.1,0.32502726167440416
OOK,-10.0,tone,0.0,10,1.0,0.9930221498012543
OOK,-10.0,tone,5.0,10,1.0,0.9999857902526855
OOK,-10.0,tone,10.0,10,1.0,0.9999993324279786
OOK,0.0,barrage,-10.0,10,0.0,0.11626052446663379
OOK,0.0,barrage,-5.0,10,0.4,0.4785509407520294
OOK,0.0,barrage,0.0,10,1.0,0.9941912293434143
OOK,0.0,barrage,5.0,10,1.0,0.9999980449676513
OOK,0.0,barrage,10.0,10,1.0,0.9999999642372132
OOK,0.0,chirp,-10.0,10,0.0,0.12256149612367154
OOK,0.0,chirp,-5.0,10,0.7,0.532369714975357
OOK,0.0,chirp,0.0,10,1.0,0.9965707421302795
OOK,0.0,chirp,5.0,10,1.0,0.9999890923500061
OOK,0.0,chirp,10.0,10,1.0,0.9999992847442627
OOK,0.0,tone,-10.0,10,0.0,0.1451406478881836
OOK,0.0,tone,-5.0,10,0.7,0.605307987332344
OOK,0.0,tone,0.0,10,1.0,0.9971712291240692
OOK,0.0,tone,5.0,10,1.0,0.9999813318252564
OOK,0.0,tone,10.0,10,1.0,0.9999972105026245
OOK,10.0,barrage,-10.0,10,0.0,0.10324366018176079
OOK,10.0,barrage,-5.0,10,0.9,0.652207013964653
OOK,10.0,barrage,0.0,10,1.0,0.9963729918003082
OOK,10.0,barrage,5.0,10,1.0,0.9999986052513122
OOK,10.0,barrage,10.0,10,1.0,0.9999999880790711
OOK,10.0,chirp,-10.0,10,0.0,0.13257331047207116
OOK,10.0,chirp,-5.0,10,0.8,0.7109362691640854
OOK,10.0,chirp,0.0,10,1.0,0.9972793936729432
OOK,10.0,chirp,5.0,10,1.0,0.9999988079071045
OOK,10.0,chirp,10.0,10,1.0,0.9999996662139893
OOK,10.0,tone,-10.0,10,0.0,0.15053528919816017
OOK,10.0,tone,-5.0,10,1.0,0.8564458131790161
OOK,10.0,tone,0.0,10,1.0,0.9988589465618134
OOK,10.0,tone,5.0,10,1.0,0.9999957323074341
OOK,10.0,tone,10.0,10,1.0,0.9999996542930603
OOK,20.0,barrage,-10.0,9,0.0,0.10399042773577902
OOK,20.0,barrage,-5.0,9,0.8888888888888888,0.6587981084982554
OOK,20.0,barrage,0.0,9,1.0,0.9972717629538642
OOK,20.0,barrage,5.0,9,1.0,0.9999986224704318
OOK,20.0,barrage,10.0,9,1.0,0.9999999867545234
OOK,20.0,chirp,-10.0,9,0.0,0.09598823512593906
OOK,20.0,chirp,-5.0,9,0.8888888888888888,0.7925430403815376
OOK,20.0,chirp,0.0,9,1.0,0.9977409111128913
OOK,20.0,chirp,5.0,9,1.0,0.999987867143419
OOK,20.0,chirp,10.0,9,1.0,0.9999996688630846
OOK,20.0,tone,-10.0,9,0.1111111111111111,0.2504241673482789
OOK,20.0,tone,-5.0,9,0.8888888888888888,0.8210156559944153
OOK,20.0,tone,0.0,9,1.0,0.9996733533011543
OOK,20.0,tone,5.0,9,1.0,0.9999980396694608
OOK,20.0,tone,10.0,9,1.0,0.9999924368328519
OOK,30.0,barrage,-10.0,10,0.0,0.09385256096720695
OOK,30.0,barrage,-5.0,10,0.9,0.6413319885730744
OOK,30.0,barrage,0.0,10,1.0,0.9971920013427734
OOK,30.0,barrage,5.0,10,1.0,0.9999983191490174
OOK,30.0,barrage,10.0,10,1.0,1.0
OOK,30.0,chirp,-10.0,10,0.0,0.11058793924748897
OOK,30.0,chirp,-5.0,10,0.7,0.6768642712384463
OOK,30.0,chirp,0.0,10,1.0,0.9970306515693664
OOK,30.0,chirp,5.0,10,1.0,0.9999982833862304
OOK,30.0,chirp,10.0,10,1.0,0.999999713897705
OOK,30.0,tone,-10.0,10,0.0,0.1493788819760084
OOK,30.0,tone,-5.0,10,0.8,0.7252501338720322
OOK,30.0,tone,0.0,10,1.0,0.998280268907547
OOK,30.0,tone,5.0,10,1.0,0.9999889373779297
OOK,30.0,tone,10.0,10,1.0,0.9999844312667847
OQPSK,-20.0,barrage,-10.0,9,0.0,0.05632561486628321
OQPSK,-20.0,barrage,-5.0,9,0.0,0.27044108675585854
OQPSK,-20.0,barrage,0.0,9,1.0,0.9899641010496352
OQPSK,-20.0,barrage,5.0,9,1.0,0.9999965959125094
OQPSK,-20.0,barrage,10.0,9,1.0,0.9999999205271403
OQPSK,-20.0,chirp,-10.0,9,0.0,0.06927245400018162
OQPSK,-20.0,chirp,-5.0,9,0.1111111111111111,0.34483856956164044
OQPSK,-20.0,chirp,0.0,9,1.0,0.9376923640569051
OQPSK,-20.0,chirp,5.0,9,1.0,0.9999559058083428
OQPSK,-20.0,chirp,10.0,9,1.0,0.9999981986151801
OQPSK,-20.0,tone,-10.0,9,0.0,0.06380743988686138
OQPSK,-20.0,tone,-5.0,9,0.2222222222222222,0.36906828979651135
OQPSK,-20.0,tone,0.0,9,1.0,0.9892714156044854
OQPSK,-20.0,tone,5.0,9,1.0,0.9999885161717733
OQPSK,-20.0,tone,10.0,9,1.0,0.9999768137931824
OQPSK,-10.0,barrage,-10.0,10,0.0,0.06301154047250748
OQPSK,-10.0,barrage,-5.0,10,0.0,0.26391099840402604
OQPSK,-10.0,barrage,0.0,10,1.0,0.9906408131122589
OQPSK,-10.0,barrage,5.0,10,1.0,0.9999966502189637
OQPSK,-10.0,barrage,10.0,10,1.0,0.9999998927116394
OQPSK,-10.0,chirp,-10.0,10,0.0,0.06411221325397491
OQPSK,-10.0,chirp,-5.0,10,0.1,0.2668038301169872
OQPSK,-10.0,chirp,0.0,10,1.0,0.984351247549057
OQPSK,-10.0,chirp,5.0,10,1.0,0.9999354660511017
OQPSK,-10.0,chirp,10.0,10,1.0,0.9999987840652466
OQPSK,-10.0,tone,-10.0,10,0.0,0.06482145618647336
OQPSK,-10.0,tone,-5.0,10,0.2,0.40788263380527495
OQPSK,-10.0,tone,0.0,10,1.0,0.9907743871212006
OQPSK,-10.0,tone,5.0,10,1.0,0.9999675333499909
OQPSK,-10.0,tone,10.0,10,1.0,0.9999768078327179
OQPSK,0.0,barrage,-10.0,9,0.0,0.11932963215642506
OQPSK,0.0,barrage,-5.0,9,0.5555555555555556,0.5151483880148994
OQPSK,0.0,barrage,0.0,9,1.0,0.9938213494088914
OQPSK,0.0,barrage,5.0,9,1.0,0.999998026423984
OQPSK,0.0,barrage,10.0,9,1.0,0.9999999735090468
OQPSK,0.0,chirp,-10.0,9,0.0,0.13107938485013115
OQPSK,0.0,chirp,-5.0,9,0.7777777777777778,0.6332904762691922
OQPSK,0.0,chirp,0.0,9,1.0,0.998984694480896
OQPSK,0.0,chirp,5.0,9,1.0,0.9999932315614488
OQPSK,0.0,chirp,10.0,9,1.0,0.9999991920259264
OQPSK,0.0,tone,-10.0,9,0.0,0.16455195430252287
OQPSK,0.0,tone,-5.0,9,0.8888888888888888,0.6445560885800256
OQPSK,0.0,tone,0.0,9,1.0,0.9979724884033203
OQPSK,0.0,tone,5.0,9,1.0,0.9999936686621772
OQPSK,0.0,tone,10.0,9,1.0,0.9999778403176202
OQPSK,10.0,barrage,-10.0,9,0.0,0.1620529500974549
OQPSK,10.0,barrage,-5.0,9,1.0,0.7436875568495857
OQPSK,10.0,barrage,0.0,9,1.0,0.9981431497467889
OQPSK,10.0,barrage,5.0,9,1.0,0.9999989536073473
OQPSK,10.0,barrage,10.0,9,1.0,0.9999999867545234
OQPSK,10.0,chirp,-10.0,9,0.0,0.13289637325538528
OQPSK,10.0,chirp,-5.0,9,1.0,0.8144098255369399
OQPSK,10.0,chirp,0.0,9,1.0,0.9988531801435683
OQPSK,10.0,chirp,5.0,9,1.0,0.9999952581193712
OQPSK,10.0,chirp,10.0,9,1.0,0.999999205271403
OQPSK,10.0,tone,-10.0,9,0.0,0.24019655254152086
OQPSK,10.0,tone,-5.0,9,0.8888888888888888,0.8301064521074295
OQPSK,10.0,tone,0.0,9,1.0,0.9995531903372871
OQPSK,10.0,tone,5.0,9,1.0,0.9999922778871324
OQPSK,10.0,tone,10.0,9,1.0,0.999999549653795
OQPSK,20.0,barrage,-10.0,10,0.0,0.15034161917865277
OQPSK,20.0,barrage,-5.0,10,0.9,0.7113429278135299
OQPSK,20.0,barrage,0.0,10,1.0,0.9980652332305908
OQPSK,20.0,barrage,5.0,10,1.0,0.999998664855957
OQPSK,20.0,barrage,10.0,10,1.0,0.9999999880790711
OQPSK,20.0,chirp,-10.0,10,0.0,0.1510265376418829
OQPSK,20.0,chirp,-5.0,10,1.0,0.7556704461574555
OQPSK,20.0,chirp,0.0,10,1.0,0.9873102366924286
OQPSK,20.0,chirp,5.0,10,1.0,0.9999971747398376
OQPSK,20.0,chirp,10.0,10,1.0,0.9999980449676513
OQPSK,20.0,tone,-10.0,10,0.0,0.20393602028489113
OQPSK,20.0,tone,-5.0,10,1.0,0.8194448769092559
OQPSK,20.0,tone,0.0,10,1.0,0.9993616700172424
OQPSK,20.0,tone,5.0,10,1.0,0.9999990820884704
OQPSK,20.0,tone,10.0,10,1.0,0.9999995827674866
OQPSK,30.0,barrage,-10.0,10,0.0,0.11796501874923707
OQPSK,30.0,barrage,-5.0,10,1.0,0.6844942092895507
OQPSK,30.0,barrage,0.0,10,1.0,0.9971816182136536
OQPSK,30.0,barrage,5.0,10,1.0,0.9999987006187439
OQPSK,30.0,barrage,10.0,10,1.0,0.9999999761581421
OQPSK,30.0,chirp,-10.0,10,0.0,0.12848913874477147
OQPSK,30.0,chirp,-5.0,10,0.8,0.7279917627573014
OQPSK,30.0,chirp,0.0,10,1.0,0.9967367589473725
OQPSK,30.0,chirp,5.0,10,1.0,0.9999945044517518
OQPSK,30.0,chirp,10.0,10,1.0,0.9999982237815856
OQPSK,30.0,tone,-10.0,10,0.0,0.19425169602036477
OQPSK,30.0,tone,-5.0,10,0.8,0.7662271112203598
OQPSK,30.0,tone,0.0,10,1.0,0.9990984678268433
OQPSK,30.0,tone,5.0,10,1.0,0.999998939037323
OQPSK,30.0,tone,10.0,10,1.0,0.9999870181083679
QPSK,-20.0,barrage,-10.0,10,0.0,0.06136819161474705
QPSK,-20.0,barrage,-5.0,10,0.0,0.31011794209480287
QPSK,-20.0,barrage,0.0,10,1.0,0.9920724213123322
QPSK,-20.0,barrage,5.0,10,1.0,0.9999970912933349
QPSK,-20.0,barrage,10.0,10,1.0,0.9999998807907104
QPSK,-20.0,chirp,-10.0,10,0.0,0.06816135961562395
QPSK,-20.0,chirp,-5.0,10,0.3,0.4028248868882656
QPSK,-20.0,chirp,0.0,10,1.0,0.9741339743137359
QPSK,-20.0,chirp,5.0,10,1.0,0.999961507320404
QPSK,-20.0,chirp,10.0,10,1.0,0.99999920129776
QPSK,-20.0,tone,-10.0,10,0.0,0.07090764753520488
QPSK,-20.0,tone,-5.0,10,0.1,0.33063512444496157
QPSK,-20.0,tone,0.0,10,1.0,0.9900025725364685
QPSK,-20.0,tone,5.0,10,1.0,0.999958074092865
QPSK,-20.0,tone,10.0,10,1.0,0.9999833941459656
QPSK,-10.0,barrage,-10.0,10,0.0,0.06348165422677994
QPSK,-10.0,barrage,-5.0,10,0.1,0.2879606544971466
QPSK,-10.0,barrage,0.0,10,1.0,0.9893770217895508
QPSK,-10.0,barrage,5.0,10,1.0,0.9999967098236084
QPSK,-10.0,barrage,10.0,10,1.0,0.9999999165534973
QPSK,-10.0,chirp,-10.0,10,0.0,0.06555509045720101
QPSK,-10.0,chirp,-5.0,10,0.2,0.321519772708416
QPSK,-10.0,chirp,0.0,10,1.0,0.9932293355464935
QPSK,-10.0,chirp,5.0,10,1.0,0.9999879598617554
QPSK,-10.0,chirp,10.0,10,1.0,0.9999993085861206
QPSK,-10.0,tone,-10.0,10,0.0,0.06350850872695446
QPSK,-10.0,tone,-5.0,10,0.2,0.38670922815799713
QPSK,-10.0,tone,0.0,10,1.0,0.9728813588619232
QPSK,-10.0,tone,5.0,10,1.0,0.9999842405319214
QPSK,-10.0,tone,10.0,10,1.0,0.9999785125255585
QPSK,0.0,barrage,-10.0,10,0.0,0.1543867528438568
QPSK,0.0,barrage,-5.0,10,0.8,0.6324570596218109
QPSK,0.0,barrage,0.0,10,1.0,0.9961588203907012
QPSK,0.0,barrage,5.0,10,1.0,0.9999987006187439
QPSK,0.0,barrage,10.0,10,1.0,1.0
QPSK,0.0,chirp,-10.0,10,0.0,0.1689929962158203
QPSK,0.0,chirp,-5.0,10,0.7,0.6368777856230736
QPSK,0.0,chirp,0.0,10,1.0,0.9949957609176636
QPSK,0.0,chirp,5.0,10,1.0,0.9999897360801697
QPSK,0.0,chirp,10.0,10,1.0,0.9999995112419129
QPSK,0.0,tone,-10.0,10,0.0,0.16464894637465477
QPSK,0.0,tone,-5.0,10,0.9,0.7000020250678063
QPSK,0.0,tone,0.0,10,1.0,0.9988205969333649
QPSK,0.0,tone,5.0,10,1.0,0.9999955058097839
QPSK,0.0,tone,10.0,10,1.0,0.999996829032898
QPSK,10.0,barrage,-10.0,9,0.0,0.16972148625387085
QPSK,10.0,barrage,-5.0,9,0.8888888888888888,0.7762468887699975
QPSK,10.0,barrage,0.0,9,1.0,0.9988260136710273
QPSK,10.0,barrage,5.0,9,1.0,0.9999993377261691
QPSK,10.0,barrage,10.0,9,1.0,1.0
QPSK,10.0,chirp,-10.0,9,0.0,0.18043761824568114
QPSK,10.0,chirp,-5.0,9,1.0,0.8631213307380676
QPSK,10.0,chirp,0.0,9,1.0,0.9988786843087938
QPSK,10.0,chirp,5.0,9,1.0,0.9999973111682467
QPSK,10.0,chirp,10.0,9,1.0,0.9999995364083184
QPSK,10.0,tone,-10.0,9,0.1111111111111111,0.2552401688363817
QPSK,10.0,tone,-5.0,9,1.0,0.8964721030659146
QPSK,10.0,tone,0.0,9,1.0,0.9997752838664584
QPSK,10.0,tone,5.0,9,1.0,0.9999990860621134
QPSK,10.0,tone,10.0,9,1.0,0.999999033080207
QPSK,20.0,barrage,-10.0,9,0.0,0.216583504445023
QPSK,20.0,barrage,-5.0,9,1.0,0.8211462497711182
QPSK,20.0,barrage,0.0,9,1.0,0.9992330604129367
QPSK,20.0,barrage,5.0,9,1.0,0.9999994569354587
QPSK,20.0,barrage,10.0,9,1.0,1.0
QPSK,20.0,chirp,-10.0,9,0.1111111111111111,0.282148118234343
QPSK,20.0,chirp,-5.0,9,1.0,0.8943237927224901
QPSK,20.0,chirp,0.0,9,1.0,0.9997866551081339
QPSK,20.0,chirp,5.0,9,1.0,0.9999994171990289
QPSK,20.0,chirp,10.0,9,1.0,0.9999998542997572
QPSK,20.0,tone,-10.0,9,0.1111111111111111,0.32256028470065856
QPSK,20.0,tone,-5.0,9,1.0,0.927867505285475
QPSK,20.0,tone,0.0,9,1.0,0.9996234907044305
QPSK,20.0,tone,5.0,9,1.0,0.999998927116394
QPSK,20.0,tone,10.0,9,1.0,0.9999999072816637
QPSK,30.0,barrage,-10.0,9,0.0,0.17590260464284155
QPSK,30.0,barrage,-5.0,9,0.8888888888888888,0.7881271739800771
QPSK,30.0,barrage,0.0,9,1.0,0.9990214506785074
QPSK,30.0,barrage,5.0,9,1.0,0.999999483426412
QPSK,30.0,barrage,10.0,9,1.0,1.0
QPSK,30.0,chirp,-10.0,9,0.0,0.18231754998366037
QPSK,30.0,chirp,-5.0,9,0.8888888888888888,0.8310112456480662
QPSK,30.0,chirp,0.0,9,1.0,0.9994930624961853
QPSK,30.0,chirp,5.0,9,1.0,0.9999993377261691
QPSK,30.0,chirp,10.0,9,1.0,0.9999998675452338
QPSK,30.0,tone,-10.0,9,0.2222222222222222,0.2855313780407111
QPSK,30.0,tone,-5.0,9,1.0,0.9595310688018799
QPSK,30.0,tone,0.0,9,1.0,0.9996952613194784
QPSK,30.0,tone,5.0,9,1.0,0.9999970462587144
QPSK,30.0,tone,10.0,9,1.0,0.9999990463256836
